time_step,time,energy,power,dE_dt,residual,work,energy_balance,eL2_u,eH1_u,eL2_v
0,0,30.842,0,0,0,0,30.842,0,0,0.00112766
1,0.001,30.8384,-7.30442,-3.65244,3.65199,-0.00365221,-2.25316e-07,1.14906e-06,0.000339439,0.00112955
2,0.002,30.8274,-14.6016,-10.9537,3.64793,-0.0146052,-9.01029e-07,2.30187e-06,0.000677256,0.00113578
3,0.003,30.8092,-21.8844,-18.2442,3.64028,-0.0328483,-2.02646e-06,3.46271e-06,0.00101203,0.00114788
4,0.004,30.7836,-29.1456,-25.5166,3.62903,-0.0583633,-3.6005e-06,4.63676e-06,0.00134271,0.00116776
5,0.005,30.7509,-36.3781,-32.7639,3.6142,-0.0911252,-5.62158e-06,5.83015e-06,0.00166873,0.00119696
6,0.006,30.7109,-43.5746,-39.9788,3.59581,-0.131102,-8.08772e-06,7.04969e-06,0.00199007,0.00123589
7,0.007,30.6638,-50.7282,-47.1543,3.57386,-0.178253,-1.09965e-05,8.30229e-06,0.0023072,0.00128344
8,0.008,30.6095,-57.8316,-54.2833,3.54839,-0.232533,-1.4345e-05,9.59406e-06,0.00262101,0.00133699
9,0.009,30.5481,-64.8781,-61.3586,3.51942,-0.293888,-1.813e-05,1.09294e-05,0.00293265,0.00139276
10,0.01,30.4797,-71.8604,-68.3735,3.48697,-0.362257,-2.23476e-05,1.23101e-05,0.00324332,0.00144642
11,0.011,30.4044,-78.7719,-75.3208,3.45109,-0.437573,-2.69939e-05,1.37349e-05,0.00355413,0.00149365
12,0.012,30.3222,-85.6056,-82.1938,3.41179,-0.519762,-3.2064e-05,1.51991e-05,0.00386591,0.00153064
13,0.013,30.2332,-92.3549,-88.9857,3.36913,-0.608742,-3.75531e-05,1.66946e-05,0.00417911,0.00155443
14,0.014,30.1375,-99.013,-95.6898,3.32315,-0.704426,-4.34557e-05,1.82109e-05,0.00449375,0.00156316
15,0.015,30.0352,-105.573,-102.299,3.27389,-0.806719,-4.9766e-05,1.97352e-05,0.00480948,0.00155616
16,0.016,29.9264,-112.03,-108.808,3.22139,-0.915521,-5.64779e-05,2.12537e-05,0.00512566,0.00153393
17,0.017,29.8112,-118.375,-115.21,3.16572,-1.03072,-6.35846e-05,2.27528e-05,0.00544148,0.00149812
18,0.018,29.6897,-124.604,-121.497,3.10692,-1.15221,-7.10793e-05,2.42194e-05,0.00575609,0.00145128
19,0.019,29.5621,-130.71,-127.665,3.04506,-1.27987,-7.89544e-05,2.56427e-05,0.00606875,0.0013967
20,0.02,29.4284,-136.687,-133.707,2.98019,-1.41357,-8.72023e-05,2.7014e-05,0.0063789,0.00133809
21,0.021,29.2887,-142.529,-139.616,2.91238,-1.55318,-9.58147e-05,2.83274e-05,0.00668623,0.00127918
22,0.022,29.1434,-148.23,-145.388,2.84169,-1.69856,-0.000104783,2.95806e-05,0.00699065,0.00122334
23,0.023,28.9923,-153.785,-151.017,2.7682,-1.84956,-0.000114099,3.07739e-05,0.00729234,0.00117316
24,0.024,28.8358,-159.188,-156.496,2.69198,-2.00605,-0.000123752,3.19108e-05,0.00759158,0.00113019
25,0.025,28.674,-164.435,-161.821,2.61311,-2.16786,-0.000133735,3.29971e-05,0.00788875,0.00109486
26,0.026,28.507,-169.518,-166.987,2.53165,-2.33484,-0.000144035,3.40407e-05,0.00818423,0.00106676
27,0.027,28.335,-174.435,-171.987,2.4477,-2.50681,-0.000154645,3.50507e-05,0.00847827,0.00104501
28,0.028,28.1582,-179.18,-176.818,2.36133,-2.68362,-0.000165552,3.60371e-05,0.00877099,0.00102881
29,0.029,27.9768,-183.747,-181.475,2.27263,-2.86508,-0.000176747,3.70101e-05,0.00906235,0.00101786
30,0.03,27.7908,-188.133,-185.952,2.18168,-3.05103,-0.000188217,3.79793e-05,0.00935215,0.00101244
31,0.031,27.6006,-192.334,-190.246,2.08859,-3.24126,-0.000199953,3.8954e-05,0.0096401,0.0010134
32,0.032,27.4062,-196.345,-194.352,1.99343,-3.4356,-0.000211942,3.9942e-05,0.00992583,0.0010217
33,0.033,27.2079,-200.162,-198.266,1.89631,-3.63385,-0.000224172,4.09501e-05,0.010209,0.00103799
34,0.034,27.006,-203.782,-201.984,1.79731,-3.83582,-0.000236632,4.19836e-05,0.0104893,0.00106205
35,0.035,26.8005,-207.2,-205.503,1.69654,-4.04131,-0.000249309,4.3046e-05,0.0107666,0.00109261
36,0.036,26.5916,-210.414,-208.82,1.5941,-4.25012,-0.00026219,4.41392e-05,0.0110407,0.00112731
37,0.037,26.3797,-213.42,-211.93,1.49008,-4.46204,-0.000275264,4.52632e-05,0.0113118,0.00116308
38,0.038,26.1649,-216.216,-214.831,1.38459,-4.67686,-0.000288516,4.64159e-05,0.0115799,0.00119654
39,0.039,25.9473,-218.798,-217.521,1.27774,-4.89436,-0.000301934,4.75937e-05,0.0118451,0.00122449
40,0.04,25.7274,-221.165,-219.995,1.16963,-5.11435,-0.000315504,4.87908e-05,0.0121076,0.00124428
41,0.041,25.5051,-223.313,-222.252,1.06036,-5.33658,-0.000329214,5.00001e-05,0.0123674,0.00125406
42,0.042,25.2808,-225.241,-224.291,0.950042,-5.56086,-0.00034305,5.12133e-05,0.0126245,0.0012529
43,0.043,25.0547,-226.946,-226.107,0.838789,-5.78695,-0.000356997,5.24212e-05,0.0128788,0.00124079
44,0.044,24.827,-228.428,-227.701,0.726709,-6.01464,-0.000371043,5.36145e-05,0.0131302,0.0012186
45,0.045,24.5979,-229.684,-229.07,0.613911,-6.2437,-0.000385173,5.4784e-05,0.0133784,0.00118788
46,0.046,24.3677,-230.713,-230.213,0.500508,-6.47389,-0.000399374,5.59216e-05,0.0136233,0.00115069
47,0.047,24.1366,-231.515,-231.128,0.386611,-6.70501,-0.000413631,5.70203e-05,0.0138647,0.00110926
48,0.048,23.9048,-232.088,-231.816,0.272332,-6.93681,-0.000427931,5.80747e-05,0.0141024,0.00106578
49,0.049,23.6725,-232.432,-232.274,0.157784,-7.16907,-0.000442259,5.90813e-05,0.0143363,0.00102208
50,0.05,23.44,-232.547,-232.504,0.0430813,-7.40156,-0.000456601,6.00386e-05,0.0145665,0.000979466
51,0.051,23.2075,-232.432,-232.504,-0.0716644,-7.63405,-0.000470943,6.09469e-05,0.0147931,0.00093869
52,0.052,22.9752,-232.088,-232.275,-0.186339,-7.86631,-0.000485271,6.18081e-05,0.0150159,0.000900077
53,0.053,22.7434,-231.515,-231.816,-0.30083,-8.09811,-0.000499571,6.2626e-05,0.0152351,0.000863763
54,0.054,22.5123,-230.714,-231.129,-0.415025,-8.32923,-0.000513829,6.34051e-05,0.0154507,0.000829982
55,0.055,22.2821,-229.685,-230.213,-0.528809,-8.55943,-0.000528029,6.41512e-05,0.0156626,0.000799293
56,0.056,22.053,-228.429,-229.071,-0.642072,-8.78848,-0.00054216,6.48702e-05,0.0158708,0.000772678
57,0.057,21.8253,-226.947,-227.702,-0.754701,-9.01617,-0.000556206,6.55687e-05,0.0160751,0.00075145
58,0.058,21.5992,-225.242,-226.109,-0.866585,-9.24227,-0.000570154,6.62527e-05,0.0162754,0.00073696
59,0.059,21.3749,-223.315,-224.292,-0.977614,-9.46654,-0.00058399,6.69282e-05,0.0164717,0.000730154
60,0.06,21.1526,-221.167,-222.254,-1.08768,-9.68878,-0.0005977,6.76004e-05,0.0166638,0.000731129
61,0.061,20.9326,-218.8,-219.997,-1.19667,-9.90877,-0.00061127,6.82735e-05,0.0168517,0.000738884
62,0.062,20.7151,-216.218,-217.523,-1.30448,-10.1263,-0.000624688,6.89509e-05,0.0170353,0.000751375
63,0.063,20.5003,-213.423,-214.834,-1.411,-10.3411,-0.000637941,6.96344e-05,0.0172147,0.000765875
64,0.064,20.2883,-210.417,-211.933,-1.51613,-10.553,-0.000651014,7.03249e-05,0.0173898,0.000779466
65,0.065,20.0795,-207.203,-208.823,-1.61976,-10.7618,-0.000663895,7.10215e-05,0.0175608,0.000789499
66,0.066,19.874,-203.785,-205.507,-1.7218,-10.9673,-0.000676572,7.17223e-05,0.0177275,0.000793936
67,0.067,19.672,-200.165,-201.988,-1.82213,-11.1693,-0.000689032,7.2424e-05,0.01789,0.000791547
68,0.068,19.4738,-196.349,-198.269,-1.92067,-11.3676,-0.000701262,7.31225e-05,0.0180483,0.000781983
69,0.069,19.2794,-192.338,-194.355,-2.01731,-11.5619,-0.000713251,7.38129e-05,0.0182022,0.000765756
70,0.07,19.0892,-188.137,-190.249,-2.11197,-11.7521,-0.000724986,7.44899e-05,0.0183517,0.000744152
71,0.071,18.9032,-183.751,-185.956,-2.20453,-11.9381,-0.000736457,7.51482e-05,0.0184966,0.000719045
72,0.072,18.7217,-179.184,-181.479,-2.29492,-12.1195,-0.000747651,7.57831e-05,0.0186369,0.000692626
73,0.073,18.5449,-174.44,-176.823,-2.38305,-12.2964,-0.000758559,7.63901e-05,0.0187724,0.000667013
74,0.074,18.3729,-169.523,-171.992,-2.46883,-12.4683,-0.000769169,7.6966e-05,0.0189031,0.000643834
75,0.075,18.2059,-164.439,-166.992,-2.55217,-12.6353,-0.000779473,7.75083e-05,0.0190289,0.000623769
76,0.076,18.0441,-159.193,-161.826,-2.63298,-12.7971,-0.000789457,7.80158e-05,0.01915,0.000606391
77,0.077,17.8876,-153.79,-156.501,-2.7112,-12.9536,-0.000799111,7.84884e-05,0.0192664,0.00059034
78,0.078,17.7366,-148.235,-151.022,-2.78675,-13.1046,-0.000808427,7.89268e-05,0.0193781,0.000573723
79,0.079,17.5912,-142.534,-145.394,-2.85954,-13.25,-0.000817394,7.93326e-05,0.0194851,0.000554671
80,0.08,17.4515,-136.692,-139.622,-2.92952,-13.3896,-0.000826004,7.97082e-05,0.0195875,0.000531882
81,0.081,17.3178,-130.716,-133.712,-2.9966,-13.5233,-0.000834249,8.00561e-05,0.0196852,0.000505045
82,0.082,17.1902,-124.61,-127.671,-3.06072,-13.651,-0.000842121,8.03793e-05,0.0197782,0.000475134
83,0.083,17.0687,-118.381,-121.503,-3.12183,-13.7725,-0.000849613,8.06807e-05,0.0198663,0.000444558
84,0.084,16.9534,-112.036,-115.216,-3.17985,-13.8877,-0.000856716,8.09633e-05,0.0199495,0.000417046
85,0.085,16.8446,-105.58,-108.815,-3.23473,-13.9965,-0.000863425,8.12297e-05,0.0200277,0.000397022
86,0.086,16.7423,-99.0196,-102.306,-3.28643,-14.0988,-0.000869733,8.14821e-05,0.0201007,0.000388188
87,0.087,16.6466,-92.3616,-95.6965,-3.33488,-14.1945,-0.000875633,8.17227e-05,0.0201686,0.000391706
88,0.088,16.5576,-85.6125,-88.9926,-3.38004,-14.2835,-0.00088112,8.19527e-05,0.0202314,0.000405282
89,0.089,16.4754,-78.779,-82.2008,-3.42186,-14.3657,-0.000886189,8.21729e-05,0.020289,0.000424035
90,0.09,16.4001,-71.8676,-75.3279,-3.46031,-14.441,-0.000890833,8.23834e-05,0.0203416,0.000442297
91,0.091,16.3317,-64.8854,-68.3807,-3.49534,-14.5094,-0.00089505,8.25835e-05,0.0203893,0.00045504
92,0.092,16.2704,-57.8391,-61.366,-3.52692,-14.5708,-0.000898834,8.27718e-05,0.0204322,0.000458564
93,0.093,16.2161,-50.7358,-54.2908,-3.55502,-14.625,-0.000902182,8.29459e-05,0.0204703,0.00045073
94,0.094,16.1689,-43.5824,-47.162,-3.57961,-14.6722,-0.000905091,8.31032e-05,0.0205036,0.00043104
95,0.095,16.1289,-36.3859,-39.9866,-3.60067,-14.7122,-0.000907557,8.32402e-05,0.020532,0.000400751
96,0.096,16.0962,-29.1536,-32.7718,-3.61818,-14.745,-0.000909578,8.33535e-05,0.0205554,0.000363136
97,0.097,16.0706,-21.8925,-25.5246,-3.63212,-14.7705,-0.000911152,8.34398e-05,0.0205738,0.000323946
98,0.098,16.0524,-14.6098,-18.2523,-3.64247,-14.7887,-0.000912277,8.34962e-05,0.0205869,0.000291779
99,0.099,16.0414,-7.31274,-10.962,-3.64923,-14.7997,-0.000912954,8.35203e-05,0.0205947,0.000276791
100,0.1,16.0378,-0.00843224,-3.66081,-3.65238,-14.8034,-0.00091318,8.35109e-05,0.0205971,0.000285412
101,0.101,16.0414,7.29588,3.64395,-3.65193,-14.7997,-0.000912954,8.34676e-05,0.0205942,0.000314941
102,0.102,16.0523,14.593,10.9451,-3.64788,-14.7888,-0.00091228,8.33913e-05,0.020586,0.000356086
103,0.103,16.0706,21.8757,18.2355,-3.64023,-14.7705,-0.000911154,8.32838e-05,0.0205726,0.000399216
104,0.104,16.0961,29.1368,25.5078,-3.62898,-14.745,-0.000909579,8.31476e-05,0.0205541,0.00043713
105,0.105,16.1288,36.3692,32.755,-3.61415,-14.7123,-0.000907557,8.2986e-05,0.0205308,0.000465099
106,0.106,16.1688,43.5656,39.9698,-3.59576,-14.6723,-0.00090509,8.28026e-05,0.0205027,0.000480427
107,0.107,16.216,50.7191,47.1452,-3.57382,-14.6252,-0.00090218,8.26011e-05,0.0204698,0.000482147
108,0.108,16.2702,57.8224,54.2741,-3.54835,-14.5709,-0.000898831,8.23849e-05,0.0204322,0.000470919
109,0.109,16.3316,64.8688,61.3494,-3.51938,-14.5095,-0.000895045,8.21571e-05,0.0203897,0.000449066
110,0.11,16.3999,71.8511,68.3641,-3.48693,-14.4412,-0.000890827,8.19203e-05,0.0203423,0.000420729
111,0.111,16.4753,78.7625,75.3114,-3.45105,-14.3659,-0.000886181,8.16764e-05,0.0202899,0.000391956
112,0.112,16.5574,85.5961,82.1844,-3.41176,-14.2837,-0.000881111,8.14266e-05,0.0202323,0.000370291
113,0.113,16.6464,92.3453,88.9762,-3.3691,-14.1947,-0.000875622,8.11715e-05,0.0201694,0.000362999
114,0.114,16.7421,99.0033,95.6802,-3.32312,-14.0991,-0.00086972,8.0911e-05,0.0201012,0.000373827
115,0.115,16.8444,105.564,102.29,-3.27386,-13.9968,-0.000863411,8.06443e-05,0.0200277,0.000400858
116,0.116,16.9532,112.02,108.798,-3.22136,-13.888,-0.000856699,8.037e-05,0.0199491,0.000438016
117,0.117,17.0684,118.365,115.2,-3.16569,-13.7728,-0.000849593,8.0086e-05,0.0198655,0.000478312
118,0.118,17.1899,124.594,121.487,-3.10689,-13.6513,-0.000842099,7.97896e-05,0.0197771,0.000515962
119,0.119,17.3175,130.7,127.655,-3.04503,-13.5237,-0.000834224,7.94776e-05,0.0196839,0.000547054
120,0.12,17.4512,136.677,133.697,-2.98016,-13.39,-0.000825977,7.91461e-05,0.0195863,0.000569592
121,0.121,17.5908,142.519,139.606,-2.91235,-13.2504,-0.000817365,7.87911e-05,0.0194841,0.00058342
122,0.122,17.7362,148.22,145.378,-2.84167,-13.105,-0.000808396,7.84085e-05,0.0193775,0.000590128
123,0.123,17.8872,153.775,151.007,-2.76818,-12.954,-0.000799081,7.79941e-05,0.0192663,0.00059287
124,0.124,18.0437,159.178,156.486,-2.69197,-12.7975,-0.000789427,7.75443e-05,0.0191504,0.000595927
125,0.125,18.2055,164.424,161.811,-2.61309,-12.6357,-0.000779445,7.70565e-05,0.0190298,0.000603865
126,0.126,18.3725,169.508,166.977,-2.53164,-12.4688,-0.000769144,7.65288e-05,0.0189043,0.000620321
127,0.127,18.5445,174.425,171.977,-2.44768,-12.2968,-0.000758534,7.59609e-05,0.0187737,0.000646841
128,0.128,18.7213,179.169,176.808,-2.36131,-12.12,-0.000747627,7.53538e-05,0.0186382,0.000682415
129,0.129,18.9027,183.737,181.464,-2.27262,-11.9385,-0.000736432,7.47102e-05,0.0184977,0.000723914
130,0.13,19.0887,188.123,185.942,-2.18167,-11.7526,-0.000724962,7.40338e-05,0.0183524,0.000767087
131,0.131,19.2789,192.324,190.235,-2.08858,-11.5624,-0.000713226,7.33299e-05,0.0182024,0.000807563
132,0.132,19.4733,196.335,194.341,-1.99342,-11.3681,-0.000701237,7.26042e-05,0.018048,0.000841568
133,0.133,19.6715,200.152,198.255,-1.8963,-11.1698,-0.000689007,7.18629e-05,0.0178893,0.000866342
134,0.134,19.8735,203.771,201.974,-1.79731,-10.9679,-0.000676547,7.11122e-05,0.0177265,0.000880357
135,0.135,20.079,207.19,205.493,-1.69654,-10.7624,-0.00066387,7.03577e-05,0.0175597,0.0008834
136,0.136,20.2878,210.404,208.81,-1.5941,-10.5536,-0.000650989,6.96045e-05,0.0173889,0.000876565
137,0.137,20.4997,213.41,211.92,-1.49008,-10.3417,-0.000637916,6.88561e-05,0.0172141,0.000862129
138,0.138,20.7145,216.206,214.821,-1.3846,-10.1269,-0.000624663,6.81151e-05,0.0170351,0.000843314
139,0.139,20.932,218.788,217.51,-1.27774,-9.90937,-0.000611245,6.73826e-05,0.0168519,0.000823896
140,0.14,21.152,221.154,219.985,-1.16963,-9.6894,-0.000597675,6.66585e-05,0.0166644,0.000807649
141,0.141,21.3743,223.303,222.242,-1.06036,-9.46717,-0.000583965,6.59415e-05,0.0164725,0.000797708
142,0.142,21.5985,225.23,224.28,-0.950048,-9.2429,-0.000570129,6.5229e-05,0.0162763,0.000795994
143,0.143,21.8246,226.936,226.097,-0.838797,-9.01682,-0.000556181,6.45177e-05,0.0160759,0.000802923
144,0.144,22.0523,228.417,227.691,-0.726717,-8.78914,-0.000542135,6.38034e-05,0.0158713,0.000817559
145,0.145,22.2814,229.673,229.06,-0.613921,-8.5601,-0.000528004,6.30817e-05,0.0156628,0.000838124
146,0.146,22.5116,230.703,230.202,-0.500518,-8.32991,-0.000513803,6.23473e-05,0.0154505,0.000862636
147,0.147,22.7427,231.505,231.118,-0.386622,-8.0988,-0.000499545,6.15953e-05,0.0152345,0.000889448
148,0.148,22.9745,232.078,231.806,-0.272344,-7.86701,-0.000485245,6.08206e-05,0.015015,0.000917527
149,0.149,23.2068,232.422,232.264,-0.157797,-7.63476,-0.000470917,6.00187e-05,0.014792,0.000946484
150,0.15,23.4393,232.537,232.494,-0.0430946,-7.40228,-0.000456574,5.91856e-05,0.0145655,0.000976396
151,0.151,23.6718,232.422,232.494,0.0716503,-7.1698,-0.000442232,5.83185e-05,0.0143355,0.0010075
152,0.152,23.904,232.078,232.265,0.186325,-6.93755,-0.000427903,5.74155e-05,0.0141019,0.00103988
153,0.153,24.1358,231.505,231.806,0.300815,-6.70576,-0.000413603,5.64764e-05,0.0138646,0.00107321
154,0.154,24.367,230.704,231.119,0.415008,-6.47466,-0.000399345,5.55024e-05,0.0136238,0.00110665
155,0.155,24.5972,229.675,230.204,0.528792,-6.24447,-0.000385144,5.44963e-05,0.0133795,0.00113893
156,0.156,24.8262,228.419,229.061,0.642054,-6.01542,-0.000371013,5.34623e-05,0.0131317,0.00116844
157,0.157,25.0539,226.938,227.692,0.754683,-5.78774,-0.000356967,5.24057e-05,0.0128806,0.00119351
158,0.158,25.28,225.232,226.099,0.866566,-5.56166,-0.000343019,5.13331e-05,0.0126263,0.00121268
159,0.159,25.5043,223.305,224.282,0.977595,-5.33739,-0.000329183,5.02512e-05,0.0123691,0.00122484
160,0.16,25.7265,221.157,222.245,1.08766,-5.11516,-0.000315473,4.91673e-05,0.012109,0.00122951
161,0.161,25.9465,218.791,219.987,1.19665,-4.89518,-0.000301902,4.8088e-05,0.0118462,0.0012269
162,0.162,26.164,216.209,217.513,1.30446,-4.67768,-0.000288483,4.70195e-05,0.0115806,0.00121794
163,0.163,26.3789,213.413,214.824,1.41098,-4.46287,-0.000275231,4.59671e-05,0.0113122,0.00120422
164,0.164,26.5908,210.407,211.923,1.51611,-4.25096,-0.000262158,4.49347e-05,0.011041,0.00118781
165,0.165,26.7996,207.193,208.813,1.61974,-4.04216,-0.000249276,4.39252e-05,0.0107669,0.00117096
166,0.166,27.0051,203.775,205.497,1.72178,-3.83668,-0.000236599,4.294e-05,0.0104898,0.0011558
167,0.167,27.2071,200.156,201.978,1.82211,-3.63471,-0.000224139,4.19793e-05,0.0102099,0.00114401
168,0.168,27.4053,196.339,198.26,1.92065,-3.43646,-0.000211909,4.10421e-05,0.00992728,0.00113659
169,0.169,27.5997,192.329,194.346,2.01729,-3.24213,-0.000199919,4.01263e-05,0.00964205,0.00113377
170,0.17,27.7899,188.128,190.24,2.11194,-3.0519,-0.000188184,3.9229e-05,0.0093545,0.00113519
171,0.171,27.9759,183.742,185.947,2.20451,-2.86597,-0.000176712,3.83464e-05,0.00906492,0.00114011
172,0.172,28.1573,179.175,181.47,2.2949,-2.68451,-0.000165518,3.74741e-05,0.00877357,0.00114781
173,0.173,28.3342,174.43,176.813,2.38303,-2.50771,-0.00015461,3.66071e-05,0.00848065,0.0011579
174,0.174,28.5061,169.514,171.983,2.4688,-2.33573,-0.000144,3.57406e-05,0.00818626,0.00117049
175,0.175,28.6731,164.43,166.982,2.55214,-2.16876,-0.000133699,3.48698e-05,0.00789034,0.00118624
176,0.176,28.8349,159.184,161.817,2.63296,-2.00695,-0.000123716,3.39908e-05,0.00759274,0.00120607
177,0.177,28.9914,153.781,156.492,2.71118,-1.85047,-0.000114062,3.31007e-05,0.00729318,0.00123081
178,0.178,29.1424,148.226,151.013,2.78673,-1.69947,-0.000104745,3.21983e-05,0.00699139,0.00126082
179,0.179,29.2878,142.525,145.385,2.85953,-1.55409,-9.57762e-05,3.12848e-05,0.00668711,0.00129559
180,0.18,29.4274,136.684,139.613,2.9295,-1.41449,-8.71632e-05,3.03637e-05,0.00638022,0.00133366
181,0.181,29.5611,130.707,133.703,2.99658,-1.28079,-7.89147e-05,2.94412e-05,0.00607078,0.00137269
182,0.182,29.6888,124.601,127.662,3.06071,-1.15314,-7.10389e-05,2.8526e-05,0.00575907,0.00140977
183,0.183,29.8103,118.373,121.494,3.12181,-1.03165,-6.35435e-05,2.76291e-05,0.00544556,0.00144181
184,0.184,29.9255,112.027,115.207,3.17984,-0.916452,-5.6436e-05,2.6763e-05,0.00513092,0.00146593
185,0.185,30.0343,105.571,108.806,3.23472,-0.807652,-4.97234e-05,2.59411e-05,0.00481586,0.00147983
186,0.186,30.1366,99.0109,102.297,3.28642,-0.705361,-4.34122e-05,2.51764e-05,0.0045011,0.0014821
187,0.187,30.2323,92.353,95.6878,3.33487,-0.60968,-3.75088e-05,2.44804e-05,0.00418716,0.0014724
188,0.188,30.3213,85.6039,88.9839,3.38003,-0.520701,-3.20189e-05,2.38626e-05,0.00387433,0.00145153
189,0.189,30.4035,78.7704,82.1922,3.42185,-0.438514,-2.69481e-05,2.33294e-05,0.00356256,0.00142141
190,0.19,30.4788,71.8591,75.3193,3.4603,-0.363199,-2.23012e-05,2.28844e-05,0.00325148,0.00138492
191,0.191,30.5472,64.8768,68.3722,3.49533,-0.294831,-1.80829e-05,2.25277e-05,0.00294043,0.0013456
192,0.192,30.6085,57.8306,61.3575,3.52691,-0.233478,-1.42972e-05,2.22575e-05,0.00262859,0.00130724
193,0.193,30.6628,50.7273,54.2823,3.55501,-0.179199,-1.09481e-05,2.20703e-05,0.00231513,0.00127334
194,0.194,30.71,43.5739,47.1535,3.57961,-0.132048,-8.03862e-06,2.19619e-05,0.00199944,0.00124656
195,0.195,30.7499,36.3775,39.9781,3.60067,-0.0920725,-5.57183e-06,2.19281e-05,0.00168133,0.00122833
196,0.196,30.7827,29.1451,32.7633,3.61818,-0.0593112,-3.5501e-06,2.19654e-05,0.00136143,0.00121863
197,0.197,30.8082,21.8841,25.5162,3.63211,-0.0337966,-1.97543e-06,2.20711e-05,0.00104195,0.00121627
198,0.198,30.8265,14.6014,18.2439,3.64246,-0.0155538,-8.49371e-07,2.22431e-05,0.000729117,0.00121936
199,0.199,30.8374,7.30431,10.9535,3.64922,-0.00460096,-1.73035e-07,2.24798e-05,0.000445445,0.00122592
200,0.2,30.8411,-9.75736e-13,3.65238,3.65238,-0.00094881,5.29314e-08,2.27798e-05,0.000300949,0.00123453
201,0.201,30.8374,-7.30431,-3.65238,3.65193,-0.00460097,-1.71707e-07,2.31417e-05,0.000457315,0.00124455
202,0.202,30.8265,-14.6014,-10.9535,3.64788,-0.0155538,-8.4674e-07,2.3564e-05,0.00074269,0.00125629
203,0.203,30.8082,-21.8841,-18.2439,3.64023,-0.0337966,-1.97148e-06,2.40451e-05,0.00105464,0.00127074
204,0.204,30.7827,-29.1452,-25.5163,3.62898,-0.0593113,-3.54483e-06,2.45838e-05,0.00137238,0.00128917
205,0.205,30.7499,-36.3776,-32.7634,3.61416,-0.0920727,-5.56522e-06,2.5179e-05,0.00169018,0.00131263
206,0.206,30.71,-43.5741,-39.9783,3.59577,-0.132049,-8.03067e-06,2.58299e-05,0.00200614,0.00134143
207,0.207,30.6628,-50.7275,-47.1537,3.57382,-0.179199,-1.09387e-05,2.65363e-05,0.00231986,0.00137482
208,0.208,30.6085,-57.8309,-54.2826,3.54836,-0.233479,-1.42866e-05,2.7298e-05,0.0026317,0.00141093
209,0.209,30.5472,-64.8773,-61.3579,3.51939,-0.294833,-1.80708e-05,2.81146e-05,0.00294243,0.00144692
210,0.21,30.4788,-71.8596,-68.3726,3.48694,-0.363201,-2.22878e-05,2.89847e-05,0.00325294,0.00147944
211,0.211,30.4035,-78.771,-75.3199,3.45106,-0.438516,-2.69333e-05,2.99057e-05,0.00356405,0.001505
212,0.212,30.3213,-85.6047,-82.1929,3.41177,-0.520704,-3.20028e-05,3.08735e-05,0.00387635,0.00152049
213,0.213,30.2323,-92.3539,-88.9848,3.36911,-0.609683,-3.74912e-05,3.18819e-05,0.00419009,0.00152354
214,0.214,30.1366,-99.012,-95.6888,3.32313,-0.705366,-4.33932e-05,3.29227e-05,0.00450515,0.00151277
215,0.215,30.0343,-105.572,-102.298,3.27387,-0.807659,-4.97029e-05,3.39865e-05,0.00482105,0.00148798
216,0.216,29.9255,-112.029,-108.807,3.22138,-0.916459,-5.64141e-05,3.50627e-05,0.00513709,0.00145021
217,0.217,29.8103,-118.374,-115.208,3.16571,-1.03166,-6.35203e-05,3.61407e-05,0.00545244,0.00140166
218,0.218,29.6888,-124.603,-121.496,3.10691,-1.15315,-7.10143e-05,3.72102e-05,0.00576626,0.00134558
219,0.219,29.5611,-130.709,-127.664,3.04505,-1.2808,-7.88887e-05,3.82627e-05,0.00607788,0.001286
220,0.22,29.4274,-136.686,-133.705,2.98019,-1.4145,-8.71359e-05,3.92911e-05,0.00638683,0.00122732
221,0.221,29.2878,-142.528,-139.615,2.91238,-1.55411,-9.57477e-05,4.02914e-05,0.0066929,0.00117376
222,0.222,29.1424,-148.229,-145.387,2.8417,-1.69949,-0.000104715,4.12617e-05,0.00699616,0.00112871
223,0.223,28.9914,-153.784,-151.016,2.76821,-1.85049,-0.00011403,4.22031e-05,0.00729689,0.00109421
224,0.224,28.8349,-159.187,-156.495,2.692,-2.00698,-0.000123683,4.31188e-05,0.00759549,0.00107063
225,0.225,28.6731,-164.434,-161.82,2.61312,-2.16879,-0.000133665,4.40143e-05,0.00789238,0.00105686
226,0.226,28.5061,-169.517,-166.986,2.53167,-2.33577,-0.000143965,4.48962e-05,0.00818793,0.00105093
227,0.227,28.3341,-174.434,-171.986,2.44772,-2.50774,-0.000154573,4.57719e-05,0.00848234,0.0010507
228,0.228,28.1573,-179.179,-176.817,2.36135,-2.68455,-0.00016548,4.6649e-05,0.00877563,0.00105459
229,0.229,27.9758,-183.746,-181.474,2.27265,-2.86601,-0.000176674,4.7535e-05,0.00906765,0.00106186
230,0.23,27.7899,-188.133,-185.951,2.18171,-3.05195,-0.000188144,4.84364e-05,0.00935806,0.0010727
231,0.231,27.5996,-192.333,-190.245,2.08862,-3.24218,-0.000199879,4.93586e-05,0.00964646,0.00108782
232,0.232,27.4053,-196.344,-194.351,1.99347,-3.43652,-0.000211867,5.03059e-05,0.00993242,0.00110807
233,0.233,27.207,-200.161,-198.265,1.89634,-3.63477,-0.000224097,5.12812e-05,0.0102156,0.0011338
234,0.234,27.005,-203.781,-201.984,1.79735,-3.83675,-0.000236556,5.22859e-05,0.0104956,0.00116446
235,0.235,26.7995,-207.2,-205.503,1.69659,-4.04224,-0.000249232,5.33199e-05,0.0107724,0.00119845
236,0.236,26.5907,-210.414,-208.82,1.59414,-4.25104,-0.000262113,5.43818e-05,0.011046,0.00123322
237,0.237,26.3788,-213.42,-211.93,1.49013,-4.46296,-0.000275185,5.54683e-05,0.0113164,0.00126558
238,0.238,26.1639,-216.216,-214.831,1.38465,-4.67778,-0.000288437,5.6575e-05,0.011584,0.00129221
239,0.239,25.9464,-218.798,-217.521,1.27779,-4.89528,-0.000301854,5.76958e-05,0.0118488,0.00131001
240,0.24,25.7264,-221.165,-219.995,1.16968,-5.11527,-0.000315424,5.88235e-05,0.0121111,0.00131651
241,0.241,25.5042,-223.313,-222.253,1.06042,-5.33751,-0.000329133,5.99497e-05,0.0123709,0.00131005
242,0.242,25.2799,-225.241,-224.291,0.950104,-5.56178,-0.000342968,6.10654e-05,0.0126282,0.00128993
243,0.243,25.0538,-226.947,-226.108,0.838853,-5.78788,-0.000356915,6.21612e-05,0.0128829,0.00125649
244,0.244,24.8261,-228.428,-227.701,0.726775,-6.01556,-0.000370961,6.32282e-05,0.0131347,0.00121107
245,0.245,24.597,-229.684,-229.07,0.61398,-6.24462,-0.000385091,6.42578e-05,0.0133833,0.00115594
246,0.246,24.3668,-230.714,-230.213,0.500579,-6.47482,-0.000399291,6.52431e-05,0.0136286,0.00109418
247,0.247,24.1357,-231.516,-231.129,0.386683,-6.70593,-0.000413548,6.61786e-05,0.0138702,0.00102939
248,0.248,23.9039,-232.089,-231.817,0.272407,-6.93774,-0.000427847,6.70607e-05,0.014108,0.000965429
249,0.249,23.6716,-232.434,-232.276,0.157861,-7.17,-0.000442174,6.78881e-05,0.0143418,0.000905934
250,0.25,23.4391,-232.549,-232.505,0.0431598,-7.40249,-0.000456516,6.8662e-05,0.0145717,0.000853892
251,0.251,23.2066,-232.434,-232.506,-0.071584,-7.63498,-0.000470858,6.93852e-05,0.0147976,0.000811181
252,0.252,22.9743,-232.09,-232.277,-0.186257,-7.86724,-0.000485185,7.0063e-05,0.0150198,0.000778331
253,0.253,22.7425,-231.517,-231.818,-0.300747,-8.09905,-0.000499484,7.07019e-05,0.0152383,0.000754617
254,0.254,22.5113,-230.716,-231.131,-0.414939,-8.33016,-0.000513741,7.13096e-05,0.0154532,0.000738496
255,0.255,22.2811,-229.687,-230.216,-0.528722,-8.56036,-0.000527942,7.18947e-05,0.0156646,0.00072824
256,0.256,22.052,-228.431,-229.073,-0.641983,-8.78942,-0.000542072,7.24655e-05,0.0158725,0.000722514
257,0.257,21.8243,-226.95,-227.705,-0.754611,-9.01711,-0.000556117,7.30306e-05,0.0160767,0.000720711
258,0.258,21.5982,-225.245,-226.112,-0.866494,-9.24321,-0.000570065,7.35976e-05,0.0162772,0.000722954
259,0.259,21.3739,-223.318,-224.295,-0.977521,-9.46749,-0.0005839,7.41731e-05,0.0164739,0.00072979
260,0.26,21.1517,-221.17,-222.258,-1.08758,-9.68974,-0.000597609,7.47624e-05,0.0166664,0.000741707
261,0.261,20.9317,-218.804,-220.001,-1.19657,-9.90972,-0.00061118,7.53693e-05,0.0168548,0.000758646
262,0.262,20.7142,-216.222,-217.526,-1.30438,-10.1272,-0.000624597,7.59962e-05,0.0170388,0.000779706
263,0.263,20.4993,-213.427,-214.838,-1.4109,-10.3421,-0.000637849,7.66434e-05,0.0172185,0.000803143
264,0.264,20.2874,-210.421,-211.937,-1.51603,-10.554,-0.000650922,7.73098e-05,0.0173937,0.000826622
265,0.265,20.0786,-207.207,-208.827,-1.61967,-10.7628,-0.000663803,7.79925e-05,0.0175645,0.000847594
266,0.266,19.873,-203.789,-205.511,-1.7217,-10.9683,-0.000676479,7.86872e-05,0.017731,0.000863668
267,0.267,19.671,-200.17,-201.992,-1.82203,-11.1703,-0.000688938,7.93882e-05,0.0178932,0.000872897
268,0.268,19.4728,-196.353,-198.274,-1.92057,-11.3685,-0.000701168,8.00887e-05,0.0180511,0.000873966
269,0.269,19.2784,-192.343,-194.36,-2.01721,-11.5629,-0.000713157,8.07811e-05,0.0182047,0.000866278
270,0.27,19.0882,-188.143,-190.254,-2.11186,-11.7531,-0.000724892,8.14576e-05,0.0183538,0.000849956
271,0.271,18.9022,-183.757,-185.961,-2.20443,-11.9391,-0.000736362,8.21103e-05,0.0184986,0.000825762
272,0.272,18.7207,-179.189,-181.484,-2.29482,-12.1206,-0.000747557,8.27316e-05,0.0186388,0.000794945
273,0.273,18.5439,-174.445,-176.828,-2.38295,-12.2974,-0.000758464,8.33148e-05,0.0187744,0.000759043
274,0.274,18.3719,-169.529,-171.998,-2.46872,-12.4694,-0.000769073,8.38541e-05,0.0189054,0.000719652
275,0.275,18.2049,-164.446,-166.998,-2.55206,-12.6363,-0.000779372,8.43454e-05,0.0190316,0.000678231
276,0.276,18.0431,-159.2,-161.833,-2.63288,-12.7982,-0.000789352,8.47856e-05,0.0191531,0.00063598
277,0.277,17.8866,-153.797,-156.508,-2.7111,-12.9547,-0.000799004,8.51736e-05,0.0192698,0.000593837
278,0.278,17.7355,-148.242,-151.029,-2.78665,-13.1057,-0.000808317,8.55097e-05,0.0193817,0.000552577
279,0.279,17.5901,-142.541,-145.401,-2.85944,-13.2511,-0.000817284,8.57955e-05,0.0194889,0.000513031
280,0.28,17.4505,-136.7,-139.629,-2.92942,-13.3907,-0.000825894,8.60344e-05,0.0195912,0.000476342
281,0.281,17.3168,-130.723,-133.72,-2.9965,-13.5244,-0.00083414,8.62306e-05,0.0196887,0.000444187
282,0.282,17.1891,-124.618,-127.678,-3.06062,-13.6521,-0.000842013,8.63893e-05,0.0197813,0.000418815
283,0.283,17.0676,-118.389,-121.511,-3.12173,-13.7736,-0.000849507,8.65165e-05,0.0198689,0.00040271
284,0.284,16.9524,-112.044,-115.224,-3.17975,-13.8888,-0.000856612,8.66185e-05,0.0199516,0.000397758
285,0.285,16.8435,-105.588,-108.823,-3.23464,-13.9976,-0.000863324,8.67017e-05,0.0200292,0.000404226
286,0.286,16.7412,-99.028,-102.314,-3.28634,-14.0999,-0.000869634,8.67722e-05,0.0201019,0.000420257
287,0.287,16.6455,-92.3702,-95.705,-3.33479,-14.1956,-0.000875536,8.68359e-05,0.0201695,0.000442296
288,0.288,16.5565,-85.6213,-89.0013,-3.37995,-14.2846,-0.000881025,8.68976e-05,0.0202321,0.000466076
289,0.289,16.4743,-78.7879,-82.2097,-3.42177,-14.3668,-0.000886096,8.69611e-05,0.0202898,0.000487512
290,0.29,16.399,-71.8768,-75.337,-3.46022,-14.4422,-0.000890742,8.70289e-05,0.0203426,0.000503246
291,0.291,16.3306,-64.8947,-68.39,-3.49525,-14.5105,-0.00089496,8.71022e-05,0.0203906,0.000510915
292,0.292,16.2692,-57.8486,-61.3754,-3.52683,-14.5719,-0.000898745,8.71807e-05,0.0204338,0.00050928
293,0.293,16.2149,-50.7454,-54.3004,-3.55494,-14.6262,-0.000902094,8.72626e-05,0.0204721,0.000498326
294,0.294,16.1677,-43.5922,-47.1717,-3.57953,-14.6734,-0.000905003,8.73449e-05,0.0205055,0.00047938
295,0.295,16.1277,-36.3959,-39.9965,-3.60059,-14.7134,-0.000907469,8.74235e-05,0.020534,0.000455247
296,0.296,16.095,-29.1638,-32.7819,-3.6181,-14.7462,-0.00090949,8.74937e-05,0.0205574,0.000430274
297,0.297,16.0694,-21.9029,-25.5349,-3.63204,-14.7717,-0.000911064,8.75503e-05,0.0205756,0.000410076
298,0.298,16.0512,-14.6203,-18.2627,-3.64239,-14.7899,-0.000912189,8.75883e-05,0.0205884,0.000400429
299,0.299,16.0402,-7.32339,-10.9725,-3.64915,-14.8009,-0.000912865,8.76028e-05,0.020596,0.000405181
300,0.3,16.0365,-0.0192264,-3.67153,-3.65231,-14.8046,-0.00091309,8.75898e-05,0.0205981,0.000424283
301,0.301,16.0401,7.28494,3.63308,-3.65186,-14.801,-0.000912865,8.7546e-05,0.020595,0.000453814
302,0.302,16.0511,14.5819,10.9341,-3.64781,-14.79,-0.000912189,8.74691e-05,0.0205867,0.0004879
303,0.303,16.0693,21.8645,18.2243,-3.64016,-14.7718,-0.000911063,8.73578e-05,0.0205734,0.000520701
304,0.304,16.0948,29.1255,25.4965,-3.62891,-14.7463,-0.000909489,8.72117e-05,0.0205551,0.000547485
305,0.305,16.1275,36.3577,32.7436,-3.61409,-14.7136,-0.000907468,8.70312e-05,0.0205319,0.000565015
306,0.306,16.1675,43.554,39.9583,-3.5957,-14.6736,-0.000905001,8.68175e-05,0.0205041,0.000571669
307,0.307,16.2146,50.7073,47.1336,-3.57376,-14.6265,-0.000902093,8.65719e-05,0.0204715,0.000567498
308,0.308,16.2689,57.8106,54.2623,-3.54829,-14.5722,-0.000898744,8.62964e-05,0.0204341,0.000554313
309,0.309,16.3302,64.8568,61.3375,-3.51932,-14.5109,-0.00089496,8.5993e-05,0.0203918,0.00053574
310,0.31,16.3986,71.839,68.3522,-3.48688,-14.4425,-0.000890743,8.56638e-05,0.0203445,0.000517067
311,0.311,16.4739,78.7503,75.2993,-3.451,-14.3672,-0.000886097,8.5311e-05,0.020292,0.00050457
312,0.312,16.5561,85.5839,82.1722,-3.41171,-14.2851,-0.000881027,8.49366e-05,0.0202342,0.000503947
313,0.313,16.645,92.333,88.9639,-3.36906,-14.1961,-0.000875538,8.45429e-05,0.020171,0.000518208
314,0.314,16.7407,98.9909,95.6679,-3.32308,-14.1005,-0.000869635,8.41316e-05,0.0201024,0.000546359
315,0.315,16.843,105.551,102.277,-3.27382,-13.9982,-0.000863324,8.37045e-05,0.0200286,0.000584021
316,0.316,16.9518,112.007,108.786,-3.22133,-13.8894,-0.000856611,8.32629e-05,0.0199496,0.000625313
317,0.317,17.0669,118.353,115.187,-3.16566,-13.7742,-0.000849502,8.28077e-05,0.0198657,0.000664577
318,0.318,17.1884,124.582,121.475,-3.10686,-13.6528,-0.000842005,8.23391e-05,0.0197771,0.000697341
319,0.319,17.3161,130.687,127.642,-3.045,-13.5251,-0.000834127,8.18568e-05,0.019684,0.000720723
320,0.32,17.4497,136.664,133.684,-2.98014,-13.3914,-0.000825875,8.13598e-05,0.0195864,0.000733566
321,0.321,17.5893,142.506,139.594,-2.91233,-13.2519,-0.00081726,8.08464e-05,0.0194844,0.000736474
322,0.322,17.7347,148.207,145.366,-2.84165,-13.1065,-0.000808288,8.03144e-05,0.0193779,0.000731751
323,0.323,17.8857,153.762,150.994,-2.76817,-12.9555,-0.000798969,7.97618e-05,0.0192669,0.000723194
324,0.324,18.0422,159.165,156.473,-2.69195,-12.7991,-0.000789312,7.91862e-05,0.0191511,0.000715587
325,0.325,18.204,164.411,161.798,-2.61308,-12.6373,-0.000779328,7.8586e-05,0.0190305,0.000713802
326,0.326,18.3709,169.495,166.964,-2.53163,-12.4703,-0.000769026,7.79602e-05,0.0189048,0.000721577
327,0.327,18.5429,174.412,171.964,-2.44768,-12.2984,-0.000758416,7.73088e-05,0.0187741,0.00074038
328,0.328,18.7197,179.156,176.795,-2.36132,-12.1216,-0.000747509,7.66326e-05,0.0186383,0.000768979
329,0.329,18.9011,183.724,181.451,-2.27262,-11.9401,-0.000736315,7.59339e-05,0.0184975,0.000803963
330,0.33,19.0871,188.11,185.929,-2.18168,-11.7542,-0.000724844,7.52156e-05,0.0183519,0.000840799
331,0.331,19.2773,192.311,190.222,-2.08859,-11.564,-0.000713109,7.44814e-05,0.0182018,0.00087492
332,0.332,19.4716,196.322,194.328,-1.99344,-11.3697,-0.00070112,7.37353e-05,0.0180473,0.000902503
333,0.333,19.6699,200.139,198.243,-1.89632,-11.1715,-0.00068889,7.29813e-05,0.0178887,0.00092093
334,0.334,19.8718,203.758,201.961,-1.79733,-10.9695,-0.00067643,7.22229e-05,0.0177261,0.000929026
335,0.335,20.0773,207.177,205.48,-1.69656,-10.764,-0.000663753,7.14631e-05,0.0175596,0.000927136
336,0.336,20.2861,210.391,208.797,-1.59412,-10.5553,-0.000650872,7.07037e-05,0.0173891,0.000917092
337,0.337,20.498,213.397,211.907,-1.49011,-10.3434,-0.000637799,6.99455e-05,0.0172146,0.000902038
338,0.338,20.7128,216.193,214.808,-1.38463,-10.1286,-0.000624547,6.91884e-05,0.0170359,0.00088607
339,0.339,20.9303,218.775,217.498,-1.27778,-9.91109,-0.000611129,6.8431e-05,0.0168529,0.000873638
340,0.34,21.1503,221.142,219.972,-1.16967,-9.69113,-0.000597558,6.76714e-05,0.0166654,0.000868725
341,0.341,21.3725,223.29,222.23,-1.0604,-9.46891,-0.000583849,6.69066e-05,0.0164734,0.000873955
342,0.342,21.5968,225.218,224.268,-0.950092,-9.24466,-0.000570013,6.61337e-05,0.0162769,0.000889983
343,0.343,21.8229,226.924,226.085,-0.838844,-9.01859,-0.000556065,6.53491e-05,0.0160761,0.000915458
344,0.344,22.0505,228.405,227.678,-0.726767,-8.79092,-0.00054202,6.45492e-05,0.0158712,0.000947591
345,0.345,22.2796,229.661,229.047,-0.613974,-8.56189,-0.000527889,6.37306e-05,0.0156623,0.000983029
346,0.346,22.5098,230.691,230.19,-0.500574,-8.33171,-0.000513688,6.28897e-05,0.0154497,0.00101868
347,0.347,22.7409,231.493,231.106,-0.386681,-8.10062,-0.000499431,6.20233e-05,0.0152336,0.00105226
348,0.348,22.9727,232.066,231.794,-0.272405,-7.86884,-0.000485131,6.11285e-05,0.0150141,0.00108259
349,0.349,23.2049,232.411,232.253,-0.157862,-7.6366,-0.000470803,6.02026e-05,0.0147912,0.00110955
350,0.35,23.4374,232.526,232.483,-0.043162,-7.40414,-0.00045646,5.9244e-05,0.0145651,0.00113388
351,0.351,23.6699,232.411,232.483,0.0715802,-7.17167,-0.000442118,5.82516e-05,0.0143354,0.00115682
352,0.352,23.9022,232.067,232.254,0.186252,-6.93943,-0.000427789,5.72257e-05,0.0141022,0.00117968
353,0.353,24.134,231.494,231.795,0.300739,-6.70765,-0.000413489,5.61677e-05,0.0138653,0.00120336
354,0.354,24.3651,230.693,231.108,0.41493,-6.47655,-0.000399232,5.50806e-05,0.0136246,0.00122806
355,0.355,24.5953,229.664,230.193,0.528711,-6.24638,-0.000385031,5.3969e-05,0.0133801,0.00125315
356,0.356,24.8243,228.408,229.05,0.641971,-6.01734,-0.0003709,5.28389e-05,0.013132,0.00127719
357,0.357,25.052,226.927,227.682,0.754597,-5.78967,-0.000356854,5.16973e-05,0.0128803,0.00129823
358,0.358,25.2781,225.222,226.089,0.866478,-5.5636,-0.000342906,5.05525e-05,0.0126254,0.00131416
359,0.359,25.5023,223.295,224.272,0.977504,-5.33934,-0.00032907,4.94128e-05,0.0123675,0.00132309
360,0.36,25.7246,221.147,222.235,1.08757,-5.11712,-0.00031536,4.82867e-05,0.0121069,0.00132374
361,0.361,25.9446,218.781,219.978,1.19655,-4.89715,-0.000301789,4.71819e-05,0.0118437,0.00131565
362,0.362,26.1621,216.199,217.504,1.30436,-4.67966,-0.000288371,4.61048e-05,0.0115781,0.00129936
363,0.363,26.3769,213.404,214.815,1.41088,-4.46486,-0.000275119,4.50607e-05,0.0113099,0.00127638
364,0.364,26.5888,210.398,211.914,1.51601,-4.25296,-0.000262045,4.40527e-05,0.0110393,0.00124913
365,0.365,26.7976,207.185,208.804,1.61964,-4.04417,-0.000249164,4.30824e-05,0.0107659,0.00122061
366,0.366,27.0031,203.767,205.488,1.72167,-3.83869,-0.000236487,4.21494e-05,0.0104897,0.00119409
367,0.367,27.2051,200.148,201.97,1.82201,-3.63673,-0.000224027,4.12519e-05,0.0102107,0.00117265
368,0.368,27.4033,196.331,198.252,1.92054,-3.4385,-0.000211797,4.03869e-05,0.00992867,0.00115863
369,0.369,27.5976,192.321,194.338,2.01718,-3.24417,-0.000199808,3.95501e-05,0.00964383,0.00115333
370,0.37,27.7879,188.12,190.232,2.11183,-3.05395,-0.000188072,3.8737e-05,0.00935632,0.00115686
371,0.371,27.9738,183.735,185.939,2.2044,-2.86802,-0.000176601,3.79425e-05,0.00906641,0.0011683
372,0.372,28.1553,179.167,181.462,2.29479,-2.68657,-0.000165406,3.71615e-05,0.00877439,0.00118615
373,0.373,28.3321,174.423,176.806,2.38291,-2.50978,-0.000154498,3.63891e-05,0.00848057,0.00120878
374,0.374,28.5041,169.507,171.976,2.46868,-2.33781,-0.000143888,3.56207e-05,0.00818518,0.00123485
375,0.375,28.671,164.424,166.976,2.55202,-2.17084,-0.000133587,3.48526e-05,0.00788834,0.00126349
376,0.376,28.8328,159.178,161.811,2.63284,-2.00904,-0.000123604,3.40821e-05,0.00759006,0.00129427
377,0.377,28.9893,153.775,156.486,2.71106,-1.85257,-0.00011395,3.33077e-05,0.00729025,0.00132708
378,0.378,29.1403,148.221,151.007,2.78661,-1.70157,-0.000104634,3.253e-05,0.00698873,0.00136182
379,0.379,29.2857,142.52,145.379,2.8594,-1.5562,-9.56648e-05,3.17515e-05,0.00668528,0.00139813
380,0.38,29.4253,136.678,139.608,2.92937,-1.4166,-8.70518e-05,3.09773e-05,0.00637972,0.00143525
381,0.381,29.559,130.702,133.698,2.99645,-1.28291,-7.88033e-05,3.0215e-05,0.00607195,0.00147187
382,0.382,29.6867,124.597,127.657,3.06058,-1.15526,-7.09274e-05,2.94744e-05,0.00576202,0.00150625
383,0.383,29.8082,118.368,121.49,3.12168,-1.03378,-6.34321e-05,2.87677e-05,0.00545015,0.00153631
384,0.384,29.9234,112.023,115.203,3.17971,-0.918582,-5.63245e-05,2.81085e-05,0.00513669,0.00155994
385,0.385,30.0322,105.567,108.802,3.23459,-0.809787,-4.96118e-05,2.75111e-05,0.00482213,0.00157524
386,0.386,30.1345,99.0072,102.294,3.28629,-0.707499,-4.33006e-05,2.69893e-05,0.00450702,0.00158076
387,0.387,30.2302,92.3496,95.6843,3.33474,-0.611821,-3.73971e-05,2.65553e-05,0.00419187,0.00157573
388,0.388,30.3191,85.6008,88.9807,3.3799,-0.522846,-3.19072e-05,2.62188e-05,0.0038771,0.00156018
389,0.389,30.4013,78.7675,82.1892,3.42172,-0.440662,-2.68363e-05,2.5986e-05,0.00356294,0.00153497
390,0.39,30.4766,71.8564,75.3166,3.46017,-0.36535,-2.21894e-05,2.58592e-05,0.00324942,0.00150179
391,0.391,30.545,64.8745,68.3697,3.4952,-0.296984,-1.79709e-05,2.5837e-05,0.00293639,0.00146295
392,0.392,30.6064,57.8285,61.3553,3.52678,-0.235633,-1.41852e-05,2.59146e-05,0.00262357,0.00142124
393,0.393,30.6606,50.7254,54.2803,3.55488,-0.181356,-1.08359e-05,2.60849e-05,0.00231067,0.00137962
394,0.394,30.7078,43.5723,47.1518,3.57948,-0.134207,-7.92635e-06,2.63393e-05,0.00199759,0.00134086
395,0.395,30.7478,36.3762,39.9767,3.60054,-0.0942327,-5.45942e-06,2.66688e-05,0.00168473,0.00130721
396,0.396,30.7805,29.1441,32.7622,3.61804,-0.0614725,-3.43753e-06,2.70647e-05,0.00137351,0.00128019
397,0.397,30.8061,21.8833,25.5153,3.63198,-0.0359588,-1.86269e-06,2.75192e-05,0.00106764,0.00126047
398,0.398,30.8243,14.6009,18.2432,3.64233,-0.0177167,-7.36451e-07,2.80259e-05,0.000776929,0.001248
399,0.399,30.8353,7.30405,10.9531,3.64909,-0.00676428,-5.99162e-08,2.85793e-05,0.000531526,0.00124236
400,0.4,30.8389,-1.9514e-12,3.65225,3.65225,-0.00311226,1.66248e-07,2.91755e-05,0.000423863,0.00124304
401,0.401,30.8353,-7.30406,-3.65225,3.6518,-0.00676428,-5.81807e-08,2.98116e-05,0.000543945,0.00124971
402,0.402,30.8243,-14.6009,-10.9532,3.64775,-0.0177168,-7.32984e-07,3.04859e-05,0.000793433,0.00126237
403,0.403,30.8061,-21.8834,-18.2433,3.6401,-0.0359589,-1.85749e-06,3.11973e-05,0.00108483,0.00128115
404,0.404,30.7805,-29.1442,-25.5154,3.62886,-0.0614727,-3.43059e-06,3.1946e-05,0.00139018,0.00130615
405,0.405,30.7478,-36.3763,-32.7623,3.61403,-0.094233,-5.45074e-06,3.27325e-05,0.00170036,0.00133708
406,0.406,30.7078,-43.5725,-39.9769,3.59564,-0.134207,-7.91594e-06,3.35581e-05,0.00201193,0.00137301
407,0.407,30.6606,-50.7258,-47.1521,3.5737,-0.181357,-1.08238e-05,3.4424e-05,0.00232363,0.00141223
408,0.408,30.6064,-57.8289,-54.2807,3.54824,-0.235634,-1.41713e-05,3.53318e-05,0.00263522,0.00145235
409,0.409,30.545,-64.875,-61.3558,3.51927,-0.296986,-1.79554e-05,3.6282e-05,0.00294694,0.00149047
410,0.41,30.4766,-71.8571,-68.3703,3.48683,-0.365352,-2.2172e-05,3.72745e-05,0.00325919,0.00152354
411,0.411,30.4013,-78.7683,-75.3174,3.45095,-0.440665,-2.68171e-05,3.83077e-05,0.00357235,0.00154869
412,0.412,30.3191,-85.6018,-82.1901,3.41166,-0.52285,-3.18862e-05,3.93785e-05,0.00388659,0.00156358
413,0.413,30.2302,-92.3507,-88.9817,3.369,-0.611826,-3.73742e-05,4.04822e-05,0.00420184,0.00156662
414,0.414,30.1345,-99.0086,-95.6856,3.32302,-0.707506,-4.32758e-05,4.16123e-05,0.00451777,0.00155718
415,0.415,30.0322,-105.569,-102.295,3.27376,-0.809794,-4.95852e-05,4.27613e-05,0.00483383,0.00153563
416,0.416,29.9234,-112.025,-108.803,3.22127,-0.918591,-5.6296e-05,4.39208e-05,0.00514935,0.00150333
417,0.417,29.8082,-118.37,-115.205,3.1656,-1.03379,-6.34018e-05,4.50824e-05,0.00546363,0.0014625
418,0.418,29.6867,-124.599,-121.492,3.10681,-1.15527,-7.08955e-05,4.62381e-05,0.00577605,0.00141607
419,0.419,29.559,-130.704,-127.659,3.04495,-1.28292,-7.87697e-05,4.73809e-05,0.00608616,0.00136729
420,0.42,29.4253,-136.681,-133.701,2.98009,-1.41662,-8.70165e-05,4.85053e-05,0.00639371,0.00131939
421,0.421,29.2857,-142.523,-139.611,2.91228,-1.55622,-9.56279e-05,4.96077e-05,0.00669869,0.00127514
422,0.422,29.1403,-148.224,-145.382,2.8416,-1.70159,-0.000104595,5.06864e-05,0.00700126,0.00123644
423,0.423,28.9893,-153.779,-151.011,2.76812,-1.85259,-0.00011391,5.17414e-05,0.00730175,0.00120413
424,0.424,28.8328,-159.182,-156.49,2.69191,-2.00907,-0.000123563,5.27748e-05,0.00760054,0.001178
425,0.425,28.671,-164.428,-161.815,2.61303,-2.17088,-0.000133544,5.37896e-05,0.00789796,0.00115712
426,0.426,28.504,-169.512,-166.98,2.53158,-2.33785,-0.000143844,5.47902e-05,0.00819424,0.00114032
427,0.427,28.332,-174.428,-171.981,2.44764,-2.50982,-0.000154452,5.57812e-05,0.00848945,0.00112669
428,0.428,28.1552,-179.173,-176.811,2.36127,-2.68662,-0.000165359,5.67675e-05,0.00878348,0.00111594
429,0.429,27.9738,-183.74,-181.468,2.27258,-2.86808,-0.000176552,5.77541e-05,0.00907606,0.00110861
430,0.43,27.7878,-188.126,-185.945,2.18164,-3.05401,-0.000188022,5.87453e-05,0.0093668,0.00110592
431,0.431,27.5976,-192.327,-190.238,2.08855,-3.24424,-0.000199757,5.9745e-05,0.00965526,0.0011094
432,0.432,27.4032,-196.338,-194.344,1.9934,-3.43857,-0.000211744,6.07563e-05,0.00994101,0.00112036
433,0.433,27.205,-200.155,-198.258,1.89628,-3.63681,-0.000223974,6.17817e-05,0.0102237,0.00113929
434,0.434,27.003,-203.774,-201.977,1.79729,-3.83878,-0.000236432,6.28228e-05,0.0105032,0.0011654
435,0.435,26.7975,-207.193,-205.496,1.69652,-4.04426,-0.000249108,6.38802e-05,0.0107794,0.0011966
436,0.436,26.5887,-210.407,-208.812,1.59409,-4.25306,-0.000261988,6.49537e-05,0.0110524,0.0012297
437,0.437,26.3768,-213.413,-211.923,1.49008,-4.46497,-0.00027506,6.60417e-05,0.0113223,0.00126091
438,0.438,26.1619,-216.209,-214.824,1.38459,-4.67978,-0.000288311,6.71418e-05,0.0115895,0.00128639
439,0.439,25.9444,-218.791,-217.513,1.27775,-4.89728,-0.000301728,6.82501e-05,0.0118542,0.00130273
440,0.44,25.7244,-221.157,-219.988,1.16964,-5.11726,-0.000315298,6.93616e-05,0.0121165,0.0013073
441,0.441,25.5022,-223.305,-222.245,1.06037,-5.33949,-0.000329006,7.04703e-05,0.0123765,0.00129848
442,0.442,25.2779,-225.233,-224.283,0.950064,-5.56376,-0.000342841,7.15695e-05,0.0126341,0.00127584
443,0.443,25.0518,-226.939,-226.1,0.838817,-5.78984,-0.000356787,7.26521e-05,0.0128891,0.00124015
444,0.444,24.8241,-228.42,-227.694,0.726741,-6.01752,-0.000370832,7.37108e-05,0.0131413,0.00119334
445,0.445,24.5951,-229.677,-229.063,0.613949,-6.24657,-0.000384962,7.47391e-05,0.0133903,0.00113841
446,0.446,24.3649,-230.706,-230.205,0.500551,-6.47676,-0.000399162,7.57313e-05,0.0136357,0.00107916
447,0.447,24.1337,-231.508,-231.121,0.386659,-6.70787,-0.000413418,7.6683e-05,0.0138773,0.00101984
448,0.448,23.9019,-232.081,-231.809,0.272385,-6.93966,-0.000427717,7.75915e-05,0.0141149,0.000964603
449,0.449,23.6697,-232.426,-232.268,0.157843,-7.17192,-0.000442044,7.8456e-05,0.0143485,0.000916913
450,0.45,23.4372,-232.541,-232.497,0.0431445,-7.4044,-0.000456385,7.92774e-05,0.014578,0.000878898
451,0.451,23.2047,-232.426,-232.498,-0.0715964,-7.63688,-0.000470726,8.00584e-05,0.0148036,0.000850967
452,0.452,22.9724,-232.082,-232.268,-0.186267,-7.86914,-0.000485053,8.08033e-05,0.0150255,0.000831866
453,0.453,22.7406,-231.509,-231.81,-0.300753,-8.10093,-0.000499352,8.15173e-05,0.0152438,0.000819209
454,0.454,22.5095,-230.708,-231.123,-0.414942,-8.33204,-0.000513609,8.22066e-05,0.0154586,0.000810294
455,0.455,22.2793,-229.679,-230.208,-0.528722,-8.56224,-0.000527809,8.28776e-05,0.0156701,0.00080288
456,0.456,22.0502,-228.423,-229.065,-0.64198,-8.79129,-0.000541939,8.35368e-05,0.0158781,0.00079572
457,0.457,21.8225,-226.942,-227.697,-0.754605,-9.01897,-0.000555984,8.419e-05,0.0160826,0.000788738
458,0.458,21.5964,-225.237,-226.103,-0.866485,-9.24506,-0.000569931,8.48425e-05,0.0162834,0.000782892
459,0.459,21.3721,-223.31,-224.287,-0.977509,-9.46933,-0.000583766,8.54986e-05,0.0164803,0.00077975
460,0.46,21.1498,-221.162,-222.249,-1.08757,-9.69157,-0.000597475,8.61613e-05,0.0166731,0.000780883
461,0.461,20.9299,-218.796,-219.992,-1.19656,-9.91155,-0.000611045,8.68327e-05,0.0168617,0.000787234
462,0.462,20.7123,-216.214,-217.518,-1.30436,-10.1291,-0.000624462,8.75133e-05,0.0170458,0.00079867
463,0.463,20.4975,-213.419,-214.83,-1.41088,-10.3439,-0.000637714,8.82025e-05,0.0172254,0.00081386
464,0.464,20.2856,-210.413,-211.929,-1.51601,-10.5558,-0.000650786,8.88982e-05,0.0174005,0.000830504
465,0.465,20.0768,-207.199,-208.819,-1.61964,-10.7646,-0.000663667,8.95973e-05,0.0175712,0.00084577
466,0.466,19.8713,-203.781,-205.503,-1.72167,-10.9701,-0.000676343,9.02956e-05,0.0177375,0.000856778
467,0.467,19.6693,-200.162,-201.984,-1.822,-11.1721,-0.000688802,9.09877e-05,0.0178994,0.000861003
468,0.468,19.471,-196.346,-198.266,-1.92053,-11.3703,-0.000701031,9.16677e-05,0.0180571,0.000856558
469,0.469,19.2767,-192.335,-194.352,-2.01717,-11.5646,-0.00071302,9.23291e-05,0.0182106,0.000842359
470,0.47,19.0864,-188.135,-190.247,-2.11182,-11.7549,-0.000724754,9.29654e-05,0.0183597,0.000818184
471,0.471,18.9005,-183.749,-185.954,-2.20439,-11.9408,-0.000736225,9.357e-05,0.0185045,0.000784643
472,0.472,18.719,-179.182,-181.477,-2.29477,-12.1223,-0.000747418,9.4137e-05,0.0186448,0.000743078
473,0.473,18.5422,-174.438,-176.821,-2.3829,-12.2991,-0.000758328,9.46614e-05,0.0187805,0.000695446
474,0.474,18.3702,-169.522,-171.991,-2.46868,-12.4711,-0.000768942,9.51392e-05,0.0189116,0.000644076
475,0.475,18.2032,-164.439,-166.991,-2.55201,-12.6381,-0.000779246,9.55678e-05,0.0190379,0.00059148
476,0.476,18.0413,-159.193,-161.826,-2.63283,-12.7999,-0.000789231,9.59463e-05,0.0191593,0.000540229
477,0.477,17.8848,-153.79,-156.501,-2.71104,-12.9564,-0.000798886,9.6275e-05,0.019276,0.000492738
478,0.478,17.7338,-148.236,-151.022,-2.78659,-13.1074,-0.000808202,9.65562e-05,0.0193878,0.000451089
479,0.479,17.5884,-142.535,-145.394,-2.85938,-13.2528,-0.00081717,9.67933e-05,0.0194947,0.000416888
480,0.48,17.4488,-136.693,-139.623,-2.92935,-13.3924,-0.00082578,9.6991e-05,0.0195968,0.000391177
481,0.481,17.3151,-130.717,-133.713,-2.99643,-13.5261,-0.000834025,9.71551e-05,0.019694,0.000374451
482,0.482,17.1874,-124.612,-127.672,-3.06055,-13.6537,-0.000841897,9.72918e-05,0.0197864,0.000366727
483,0.483,17.0659,-118.383,-121.505,-3.12166,-13.7752,-0.000849388,9.7408e-05,0.0198739,0.000367599
484,0.484,16.9507,-112.038,-115.218,-3.17968,-13.8905,-0.000856491,9.751e-05,0.0199565,0.000376212
485,0.485,16.8419,-105.582,-108.817,-3.23456,-13.9993,-0.000863199,9.76043e-05,0.0200342,0.000391175
486,0.486,16.7396,-99.0225,-102.309,-3.28625,-14.1016,-0.000869506,9.76963e-05,0.020107,0.000410546
487,0.487,16.6439,-92.3649,-95.6996,-3.3347,-14.1973,-0.000875405,9.77904e-05,0.0201748,0.000431948
488,0.488,16.5549,-85.6161,-88.996,-3.37986,-14.2863,-0.000880891,9.78899e-05,0.0202376,0.000452792
489,0.489,16.4727,-78.7829,-82.2046,-3.42169,-14.3685,-0.000885958,9.79967e-05,0.0202955,0.000470548
490,0.49,16.3973,-71.8719,-75.3321,-3.46013,-14.4438,-0.000890602,9.81109e-05,0.0203484,0.000482994
491,0.491,16.329,-64.89,-68.3852,-3.49516,-14.5122,-0.000894818,9.82312e-05,0.0203965,0.00048844
492,0.492,16.2676,-57.8441,-61.3709,-3.52675,-14.5735,-0.000898602,9.83546e-05,0.0204397,0.000485921
493,0.493,16.2133,-50.7411,-54.296,-3.55485,-14.6278,-0.00090195,9.84769e-05,0.020478,0.000475395
494,0.494,16.1661,-43.5881,-47.1675,-3.57944,-14.675,-0.000904858,9.85926e-05,0.0205113,0.00045794
495,0.495,16.1261,-36.392,-39.9925,-3.6005,-14.715,-0.000907323,9.86954e-05,0.0205397,0.000435944
496,0.496,16.0934,-29.16,-32.778,-3.61801,-14.7478,-0.000909344,9.87787e-05,0.0205629,0.000413187
497,0.497,16.0678,-21.8993,-25.5312,-3.63195,-14.7733,-0.000910918,9.88356e-05,0.020581,0.000394591
498,0.498,16.0496,-14.6169,-18.2592,-3.6423,-14.7915,-0.000912043,9.88597e-05,0.0205938,0.00038526
499,0.499,16.0386,-7.32016,-10.9692,-3.64906,-14.8025,-0.00091272,9.88453e-05,0.0206013,0.000388712
500,0.5,16.0349,-0.0161811,-3.6684,-3.65221,-14.8062,-0.000912946,9.87877e-05,0.0206035,0.000405164
501,0.501,16.0386,7.2878,3.63604,-3.65176,-14.8025,-0.00091272,9.86834e-05,0.0206005,0.000431472
502,0.502,16.0495,14.5846,10.9369,-3.64771,-14.7916,-0.000912044,9.85305e-05,0.0205923,0.000462676
503,0.503,16.0677,21.867,18.2269,-3.64006,-14.7734,-0.000910918,9.83281e-05,0.0205791,0.000493723
504,0.504,16.0932,29.1277,25.4989,-3.62882,-14.7479,-0.000909344,9.80771e-05,0.0205609,0.000520517
505,0.505,16.126,36.3598,32.7458,-3.61399,-14.7151,-0.000907322,9.77794e-05,0.0205378,0.000540326
506,0.506,16.1659,43.5559,39.9603,-3.5956,-14.6752,-0.000904855,9.74379e-05,0.0205099,0.000551904
507,0.507,16.2131,50.7091,47.1354,-3.57366,-14.628,-0.000901945,9.70567e-05,0.0204771,0.000555523
508,0.508,16.2673,57.8121,54.2639,-3.5482,-14.5738,-0.000898596,9.66401e-05,0.0204394,0.000552923
509,0.509,16.3287,64.8582,61.3389,-3.51923,-14.5125,-0.00089481,9.61933e-05,0.0203968,0.000547146
510,0.51,16.397,71.8402,68.3534,-3.48679,-14.4441,-0.000890593,9.57214e-05,0.0203491,0.000542091
511,0.511,16.4723,78.7513,75.3004,-3.4509,-14.3688,-0.000885947,9.52297e-05,0.0202962,0.000541711
512,0.512,16.5545,85.5847,82.173,-3.41162,-14.2866,-0.000880877,9.47233e-05,0.020238,0.000548905
513,0.513,16.6435,92.3336,88.9646,-3.36896,-14.1977,-0.000875389,9.42068e-05,0.0201746,0.000564549
514,0.514,16.7391,98.9913,95.6683,-3.32298,-14.102,-0.000869487,9.36846e-05,0.0201059,0.000587196
515,0.515,16.8414,105.551,102.278,-3.27372,-13.9997,-0.000863177,9.31601e-05,0.0200321,0.000613631
516,0.516,16.9502,112.007,108.786,-3.22123,-13.891,-0.000856466,9.26357e-05,0.0199532,0.000639863
517,0.517,17.0654,118.353,115.187,-3.16557,-13.7758,-0.00084936,9.21127e-05,0.0198696,0.000662082
518,0.518,17.1869,124.581,121.474,-3.10677,-13.6543,-0.000841866,9.15915e-05,0.0197812,0.000677329
519,0.519,17.3145,130.687,127.642,-3.04491,-13.5267,-0.000833991,9.10707e-05,0.0196884,0.000683933
520,0.52,17.4482,136.663,133.683,-2.98005,-13.393,-0.000825744,9.05481e-05,0.019591,0.000681773
521,0.521,17.5878,142.505,139.593,-2.91225,-13.2534,-0.000817131,9.00201e-05,0.0194891,0.000672444
522,0.522,17.7331,148.206,145.365,-2.84157,-13.1081,-0.000808163,8.94825e-05,0.0193827,0.000659275
523,0.523,17.8841,153.761,150.993,-2.76808,-12.9571,-0.000798847,8.89304e-05,0.0192716,0.000647084
524,0.524,18.0406,159.164,156.472,-2.69187,-12.8006,-0.000789194,8.83586e-05,0.0191557,0.000641435
525,0.525,18.2024,164.41,161.797,-2.613,-12.6388,-0.000779212,8.77625e-05,0.0190348,0.000647301
526,0.526,18.3694,169.494,166.962,-2.53155,-12.4719,-0.000768911,8.71376e-05,0.0189088,0.000667451
527,0.527,18.5413,174.41,171.962,-2.4476,-12.2999,-0.000758303,8.64806e-05,0.0187778,0.000701449
528,0.528,18.7181,179.154,176.793,-2.36124,-12.1232,-0.000747396,8.57891e-05,0.0186418,0.000745954
529,0.529,18.8996,183.722,181.449,-2.27254,-11.9417,-0.000736202,8.50619e-05,0.0185009,0.000795979
530,0.53,19.0855,188.108,185.926,-2.18161,-11.7558,-0.000724731,8.42987e-05,0.0183554,0.000846244
531,0.531,19.2757,192.308,190.22,-2.08852,-11.5656,-0.000712996,8.35004e-05,0.0182054,0.00089216
532,0.532,19.47,196.319,194.326,-1.99337,-11.3713,-0.000701008,8.26685e-05,0.0180511,0.000930356
533,0.533,19.6683,200.136,198.24,-1.89625,-11.173,-0.000688778,8.18052e-05,0.0178928,0.000958925
534,0.534,19.8702,203.756,201.958,-1.79726,-10.9711,-0.000676319,8.09127e-05,0.0177306,0.000977494
535,0.535,20.0757,207.174,205.477,-1.6965,-10.7656,-0.000663643,7.99937e-05,0.0175643,0.00098717
536,0.536,20.2845,210.388,208.794,-1.59406,-10.5569,-0.000650762,7.90505e-05,0.017394,0.000990339
537,0.537,20.4964,213.394,211.904,-1.49005,-10.345,-0.000637689,7.80857e-05,0.0172194,0.000990304
538,0.538,20.7112,216.19,214.805,-1.38457,-10.1302,-0.000624438,7.71013e-05,0.0170405,0.000990724
539,0.539,20.9287,218.772,217.494,-1.27772,-9.91269,-0.00061102,7.60996e-05,0.0168571,0.000994905
540,0.54,21.1487,221.138,219.969,-1.16961,-9.69274,-0.00059745,7.50825e-05,0.016669,0.00100507
541,0.541,21.3709,223.286,222.226,-1.06035,-9.47053,-0.000583741,7.4052e-05,0.0164764,0.00102184
542,0.542,21.5952,225.214,224.264,-0.950043,-9.24628,-0.000569906,7.30101e-05,0.0162792,0.00104415
543,0.543,21.8212,226.92,226.081,-0.838797,-9.02021,-0.000555958,7.19582e-05,0.0160778,0.0010696
544,0.544,22.0489,228.401,227.674,-0.726723,-8.79255,-0.000541913,7.08979e-05,0.0158723,0.00109512
545,0.545,22.278,229.657,229.043,-0.613932,-8.56352,-0.000527783,6.983e-05,0.0156631,0.00111771
546,0.546,22.5082,230.687,230.186,-0.500535,-8.33335,-0.000513582,6.87547e-05,0.0154504,0.00113507
547,0.547,22.7393,231.489,231.102,-0.386644,-8.10226,-0.000499325,6.76718e-05,0.0152344,0.00114601
548,0.548,22.971,232.062,231.79,-0.272372,-7.87049,-0.000485025,6.658e-05,0.0150153,0.00115067
549,0.549,23.2033,232.406,232.248,-0.15783,-7.63825,-0.000470698,6.54777e-05,0.0147929,0.0011505
550,0.55,23.4358,232.521,232.478,-0.0431337,-7.40579,-0.000456356,6.43626e-05,0.0145672,0.00114803
551,0.551,23.6682,232.407,232.478,0.0716057,-7.17332,-0.000442014,6.32324e-05,0.0143381,0.00114641
552,0.552,23.9005,232.063,232.249,0.186274,-6.94109,-0.000427686,6.20849e-05,0.0141052,0.0011488
553,0.553,24.1323,231.49,231.791,0.300759,-6.70931,-0.000413386,6.09184e-05,0.0138683,0.0011576
554,0.554,24.3634,230.688,231.103,0.414947,-6.47822,-0.000399129,5.9732e-05,0.0136275,0.00117388
555,0.555,24.5936,229.659,230.188,0.528725,-6.24805,-0.000384929,5.85258e-05,0.0133826,0.00119706
556,0.556,24.8226,228.404,229.046,0.641982,-6.01902,-0.000370799,5.73011e-05,0.0131339,0.00122503
557,0.557,25.0503,226.923,227.677,0.754605,-5.79135,-0.000356753,5.60599e-05,0.0128816,0.00125468
558,0.558,25.2764,225.218,226.084,0.866483,-5.56528,-0.000342806,5.48053e-05,0.012626,0.00128259
559,0.559,25.5007,223.29,224.268,0.977506,-5.34103,-0.000328971,5.35406e-05,0.0123675,0.00130564
560,0.56,25.7229,221.143,222.23,1.08756,-5.11881,-0.000315261,5.22692e-05,0.0121065,0.00132157
561,0.561,25.9429,218.777,219.973,1.19655,-4.89885,-0.000301691,5.09943e-05,0.0118432,0.00132931
562,0.562,26.1604,216.195,217.499,1.30435,-4.68137,-0.000288273,4.97184e-05,0.0115776,0.00132903
563,0.563,26.3752,213.399,214.81,1.41087,-4.46657,-0.000275022,4.84429e-05,0.01131,0.00132221
564,0.564,26.5871,210.394,211.91,1.51599,-4.25468,-0.000261949,4.71683e-05,0.0110399,0.00131138
565,0.565,26.7959,207.18,208.8,1.61962,-4.04589,-0.000249068,4.58943e-05,0.0107673,0.0012998
566,0.566,27.0014,203.762,205.484,1.72165,-3.84042,-0.000236392,4.46195e-05,0.0104918,0.00129091
567,0.567,27.2033,200.143,201.965,1.82198,-3.63846,-0.000223933,4.33421e-05,0.0102132,0.00128775
568,0.568,27.4016,196.327,198.247,1.92052,-3.44023,-0.000211702,4.20603e-05,0.00993138,0.00129231
569,0.569,27.5959,192.316,194.333,2.01715,-3.24591,-0.000199714,4.0772e-05,0.00964628,0.00130517
570,0.57,27.7861,188.116,190.228,2.1118,-3.05569,-0.000187978,3.94755e-05,0.00935809,0.00132543
571,0.571,27.9721,183.73,185.935,2.20436,-2.86977,-0.000176508,3.81696e-05,0.00906709,0.00135106
572,0.572,28.1535,179.163,181.458,2.29475,-2.68832,-0.000165313,3.68535e-05,0.00877369,0.0013794
573,0.573,28.3303,174.419,176.802,2.38287,-2.51153,-0.000154406,3.55265e-05,0.00847835,0.00140783
574,0.574,28.5023,169.503,171.972,2.46864,-2.33957,-0.000143797,3.41885e-05,0.00818149,0.0014342
575,0.575,28.6693,164.42,166.972,2.55198,-2.17261,-0.000133496,3.28392e-05,0.00788344,0.00145714
576,0.576,28.8311,159.174,161.807,2.63279,-2.01081,-0.000123514,3.14789e-05,0.00758438,0.00147615
577,0.577,28.9876,153.772,156.483,2.71101,-1.85434,-0.00011386,3.01076e-05,0.00728432,0.00149153
578,0.578,29.1386,148.217,151.004,2.78655,-1.70334,-0.000104544,2.87261e-05,0.00698309,0.00150411
579,0.579,29.2839,142.516,145.376,2.85934,-1.55798,-9.55757e-05,2.73356e-05,0.00668041,0.00151503
580,0.58,29.4235,136.675,139.604,2.92931,-1.41838,-8.69632e-05,2.59387e-05,0.00637593,0.0015253
581,0.581,29.5572,130.699,133.695,2.99639,-1.2847,-7.87153e-05,2.45393e-05,0.00606933,0.00153553
582,0.582,29.6849,124.593,127.654,3.06051,-1.15705,-7.084e-05,2.31438e-05,0.00576039,0.00154573
583,0.583,29.8064,118.365,121.487,3.12161,-1.03557,-6.33452e-05,2.17606e-05,0.00544906,0.0015552
584,0.584,29.9216,112.02,115.2,3.17964,-0.920378,-5.62382e-05,2.04011e-05,0.00513549,0.0015627
585,0.585,30.0304,105.564,108.799,3.23452,-0.811585,-4.9526e-05,1.90798e-05,0.00482003,0.00156668
586,0.586,30.1327,99.0046,102.291,3.28621,-0.709301,-4.32154e-05,1.78137e-05,0.00450318,0.00156565
587,0.587,30.2284,92.3471,95.6818,3.33466,-0.613625,-3.73125e-05,1.66226e-05,0.00418554,0.00155841
588,0.588,30.3173,85.5985,88.9783,3.37981,-0.524652,-3.18232e-05,1.55281e-05,0.00386772,0.0015444
589,0.589,30.3995,78.7653,82.187,3.42163,-0.44247,-2.67528e-05,1.45529e-05,0.00355022,0.00152381
590,0.59,30.4748,71.8545,75.3146,3.46008,-0.36716,-2.21065e-05,1.37191e-05,0.00323343,0.0014977
591,0.591,30.5432,64.8727,68.3678,3.49511,-0.298797,-1.78886e-05,1.30463e-05,0.00291752,0.00146791
592,0.592,30.6046,57.8269,61.3536,3.52669,-0.237447,-1.41033e-05,1.25497e-05,0.00260249,0.00143692
593,0.593,30.6588,50.724,54.2788,3.55479,-0.183171,-1.07545e-05,1.22376e-05,0.00228823,0.00140756
594,0.594,30.706,43.5711,47.1505,3.57938,-0.136024,-7.84535e-06,1.21111e-05,0.00197466,0.00138263
595,0.595,30.746,36.3751,39.9756,3.60044,-0.0960508,-5.37887e-06,1.21635e-05,0.00166194,0.00136448
596,0.596,30.7787,29.1433,32.7612,3.61794,-0.0632916,-3.35743e-06,1.2383e-05,0.00135093,0.00135469
597,0.597,30.8042,21.8827,25.5145,3.63188,-0.0377787,-1.78303e-06,1.27545e-05,0.0010442,0.00135381
598,0.598,30.8225,14.6005,18.2427,3.64223,-0.0195371,-6.5723e-07,1.32625e-05,0.000749075,0.00136149
599,0.599,30.8334,7.30384,10.9528,3.64899,-0.00858495,1.88643e-08,1.38924e-05,0.000490567,0.00137663
600,0.6,30.8371,-3.13354e-12,3.65214,3.65214,-0.00493303,2.44591e-07,1.46317e-05,0.000363123,0.00139775
601,0.601,30.8334,-7.30384,-3.65214,3.65169,-0.00858495,1.97248e-08,1.54702e-05,0.000486307,0.00142327
602,0.602,30.8225,-14.6005,-10.9528,3.64764,-0.0195371,-6.55515e-07,1.63992e-05,0.000744895,0.00145179
603,0.603,30.8042,-21.8827,-18.2427,3.63999,-0.0377787,-1.78046e-06,1.74115e-05,0.001042,0.00148209
604,0.604,30.7787,-29.1433,-25.5146,3.62874,-0.0632917,-3.35399e-06,1.85008e-05,0.00135156,0.00151317
605,0.605,30.746,-36.3752,-32.7613,3.61392,-0.096051,-5.37457e-06,1.96612e-05,0.0016657,0.00154412
606,0.606,30.706,-43.5712,-39.9757,3.59553,-0.136024,-7.8402e-06,2.08871e-05,0.00198145,0.00157394
607,0.607,30.6588,-50.7242,-47.1506,3.57358,-0.183172,-1.07484e-05,2.21725e-05,0.0022976,0.0016015
608,0.608,30.6046,-57.8271,-54.279,3.54812,-0.237448,-1.40964e-05,2.35115e-05,0.00261372,0.00162543
609,0.609,30.5432,-64.873,-61.3538,3.51915,-0.298798,-1.78808e-05,2.48972e-05,0.00292978,0.00164418
610,0.61,30.4748,-71.8548,-68.3681,3.48671,-0.367161,-2.20979e-05,2.63224e-05,0.0032459,0.00165618
611,0.611,30.3995,-78.7658,-75.3149,3.45082,-0.442472,-2.67433e-05,2.77789e-05,0.00356221,0.00165997
612,0.612,30.3173,-85.599,-82.1874,3.41153,-0.524654,-3.18128e-05,2.9258e-05,0.00387874,0.00165442
613,0.613,30.2283,-92.3477,-88.9788,3.36888,-0.613627,-3.73013e-05,3.07505e-05,0.00419539,0.00163886
614,0.614,30.1327,-99.0053,-95.6824,3.3229,-0.709304,-4.32034e-05,3.22467e-05,0.0045119,0.00161332
615,0.615,30.0304,-105.565,-102.292,3.27364,-0.811589,-4.95132e-05,3.37375e-05,0.00482789,0.00157848
616,0.616,29.9216,-112.021,-108.8,3.22115,-0.920382,-5.62246e-05,3.52141e-05,0.00514291,0.0015358
617,0.617,29.8064,-118.366,-115.201,3.16548,-1.03558,-6.33309e-05,3.66688e-05,0.00545651,0.00148742
618,0.618,29.6849,-124.594,-121.488,3.10668,-1.15706,-7.0825e-05,3.80953e-05,0.00576827,0.00143598
619,0.619,29.5572,-130.7,-127.655,3.04483,-1.2847,-7.86996e-05,3.94893e-05,0.00607793,0.00138444
620,0.62,29.4235,-136.676,-133.696,2.97996,-1.41839,-8.69469e-05,4.08484e-05,0.00638534,0.00133571
621,0.621,29.2839,-142.518,-139.606,2.91216,-1.55799,-9.55587e-05,4.21723e-05,0.00669052,0.00129231
622,0.622,29.1386,-148.219,-145.377,2.84148,-1.70336,-0.000104527,4.34628e-05,0.00699363,0.00125603
623,0.623,28.9875,-153.773,-151.005,2.76799,-1.85435,-0.000113842,4.47237e-05,0.0072949,0.00122779
624,0.624,28.8311,-159.176,-156.484,2.69178,-2.01083,-0.000123494,4.59599e-05,0.0075946,0.00120757
625,0.625,28.6693,-164.422,-161.809,2.61291,-2.17263,-0.000133476,4.71779e-05,0.00789293,0.00119476
626,0.626,28.5023,-169.505,-166.974,2.53146,-2.33959,-0.000143776,4.83845e-05,0.00819001,0.00118839
627,0.627,28.3303,-174.422,-171.974,2.44751,-2.51155,-0.000154384,4.95867e-05,0.00848581,0.00118763
628,0.628,28.1535,-179.166,-176.805,2.36114,-2.68835,-0.000165291,5.07915e-05,0.00878019,0.00119195
629,0.629,27.972,-183.733,-181.461,2.27245,-2.8698,-0.000176484,5.20049e-05,0.00907288,0.00120127
630,0.63,27.7861,-188.119,-185.938,2.18151,-3.05572,-0.000187954,5.32323e-05,0.00936351,0.00121581
631,0.631,27.5959,-192.319,-190.231,2.08842,-3.24594,-0.000199689,5.4478e-05,0.00965174,0.00123582
632,0.632,27.4015,-196.33,-194.337,1.99327,-3.44027,-0.000211677,5.57449e-05,0.00993721,0.00126119
633,0.633,27.2033,-200.147,-198.25,1.89615,-3.6385,-0.000223906,5.70349e-05,0.0102197,0.00129114
634,0.634,27.0013,-203.766,-201.969,1.79717,-3.84046,-0.000236365,5.83482e-05,0.0104991,0.00132409
635,0.635,26.7958,-207.184,-205.488,1.6964,-4.04594,-0.00024904,5.96841e-05,0.0107753,0.00135766
636,0.636,26.587,-210.398,-208.804,1.59397,-4.25473,-0.000261921,6.104e-05,0.0110486,0.00138895
637,0.637,26.3751,-213.404,-211.914,1.48996,-4.46663,-0.000274993,6.24122e-05,0.011319,0.00141486
638,0.638,26.1603,-216.199,-214.815,1.38448,-4.68143,-0.000288244,6.37955e-05,0.0115868,0.00143243
639,0.639,25.9428,-218.781,-217.504,1.27763,-4.89892,-0.000301661,6.51835e-05,0.0118521,0.00143922
640,0.64,25.7228,-221.148,-219.978,1.16952,-5.11888,-0.000315231,6.65686e-05,0.0121151,0.00143348
641,0.641,25.5006,-223.295,-222.235,1.06026,-5.34111,-0.00032894,6.79425e-05,0.0123757,0.0014144
642,0.642,25.2763,-225.223,-224.273,0.949951,-5.56536,-0.000342774,6.92967e-05,0.0126337,0.00138219
643,0.643,25.0502,-226.928,-226.09,0.838705,-5.79144,-0.000356721,7.06225e-05,0.012889,0.00133807
644,0.644,24.8225,-228.41,-227.683,0.726632,-6.01911,-0.000370766,7.19117e-05,0.0131412,0.00128423
645,0.645,24.5935,-229.666,-229.052,0.613841,-6.24815,-0.000384896,7.31572e-05,0.01339,0.00122366
646,0.646,24.3633,-230.695,-230.194,0.500445,-6.47833,-0.000399096,7.43535e-05,0.0136352,0.00115988
647,0.647,24.1322,-231.497,-231.11,0.386555,-6.70942,-0.000413353,7.54967e-05,0.0138765,0.00109655
648,0.648,23.9004,-232.07,-231.797,0.272283,-6.94121,-0.000427651,7.6585e-05,0.0141139,0.00103706
649,0.649,23.6681,-232.414,-232.256,0.157742,-7.17345,-0.000441979,7.76186e-05,0.0143473,0.000984087
650,0.65,23.4356,-232.529,-232.486,0.0430463,-7.40592,-0.00045632,7.86e-05,0.0145768,0.000939162
651,0.651,23.2032,-232.414,-232.486,-0.0716924,-7.63839,-0.000470661,7.95333e-05,0.0148025,0.000902573
652,0.652,22.9709,-232.07,-232.256,-0.18636,-7.87063,-0.000484989,8.04243e-05,0.0150247,0.000873504
653,0.653,22.7391,-231.497,-231.798,-0.300844,-8.10242,-0.000499287,8.12801e-05,0.0152433,0.000850509
654,0.654,22.508,-230.695,-231.11,-0.415032,-8.33351,-0.000513544,8.21082e-05,0.0154586,0.00083213
655,0.655,22.2778,-229.666,-230.195,-0.528809,-8.56369,-0.000527744,8.29169e-05,0.0156705,0.000817454
656,0.656,22.0487,-228.41,-229.052,-0.642065,-8.79273,-0.000541874,8.37139e-05,0.0158789,0.000806437
657,0.657,21.8211,-226.929,-227.684,-0.754687,-9.0204,-0.000555919,8.45068e-05,0.0160836,0.000799893
658,0.658,21.595,-225.224,-226.09,-0.866564,-9.24648,-0.000569866,8.53021e-05,0.0162845,0.00079914
659,0.659,21.3707,-223.296,-224.274,-0.977586,-9.47074,-0.000583701,8.61053e-05,0.0164814,0.000805398
660,0.66,21.1485,-221.148,-222.236,-1.08764,-9.69296,-0.00059741,8.69207e-05,0.016674,0.000819139
661,0.661,20.9285,-218.782,-219.979,-1.19663,-9.91292,-0.00061098,8.7751e-05,0.0168622,0.000839642
662,0.662,20.711,-216.2,-217.505,-1.30443,-10.1304,-0.000624397,8.85973e-05,0.017046,0.000864917
663,0.663,20.4962,-213.405,-214.816,-1.41095,-10.3452,-0.000637648,8.94592e-05,0.0172254,0.000891999
664,0.664,20.2842,-210.399,-211.915,-1.51607,-10.5571,-0.00065072,9.03347e-05,0.0174004,0.000917433
665,0.665,20.0754,-207.185,-208.805,-1.6197,-10.7659,-0.000663601,9.12201e-05,0.0175711,0.000937784
666,0.666,19.87,-203.767,-205.489,-1.72173,-10.9714,-0.000676277,9.21102e-05,0.0177375,0.000950052
667,0.667,19.668,-200.148,-201.97,-1.82205,-11.1733,-0.000688736,9.29988e-05,0.0178998,0.000951975
668,0.668,19.4697,-196.331,-198.252,-1.92059,-11.3716,-0.000700965,9.38786e-05,0.0180579,0.000942216
669,0.669,19.2754,-192.321,-194.338,-2.01722,-11.5659,-0.000712953,9.47416e-05,0.0182119,0.000920456
670,0.67,19.0852,-188.12,-190.232,-2.11187,-11.7561,-0.000724688,9.55798e-05,0.0183615,0.000887397
671,0.671,18.8992,-183.734,-185.939,-2.20443,-11.9421,-0.000736158,9.63853e-05,0.0185068,0.000844699
672,0.672,18.7178,-179.167,-181.462,-2.29481,-12.1235,-0.000747352,9.71509e-05,0.0186475,0.000794826
673,0.673,18.541,-174.423,-176.806,-2.38293,-12.3003,-0.000758259,9.78704e-05,0.0187834,0.000740836
674,0.674,18.369,-169.507,-171.976,-2.4687,-12.4723,-0.000768867,9.85391e-05,0.0189145,0.000686075
675,0.675,18.202,-164.423,-166.975,-2.55204,-12.6392,-0.000779166,9.91538e-05,0.0190408,0.000633779
676,0.676,18.0402,-159.178,-161.811,-2.63285,-12.801,-0.000789145,9.97134e-05,0.019162,0.000586592
677,0.677,17.8837,-153.775,-156.486,-2.71106,-12.9575,-0.000798794,0.000100218,0.0192784,0.000546097
678,0.678,17.7327,-148.22,-151.007,-2.7866,-13.1085,-0.000808104,0.000100671,0.0193899,0.000512465
679,0.679,17.5873,-142.519,-145.379,-2.85939,-13.2539,-0.000817067,0.000101074,0.0194965,0.000484517
680,0.68,17.4477,-136.678,-139.607,-2.92936,-13.3935,-0.000825674,0.000101434,0.0195985,0.000460253
681,0.681,17.314,-130.702,-133.698,-2.99644,-13.5272,-0.000833916,0.000101756,0.0196958,0.000437654
682,0.682,17.1864,-124.596,-127.657,-3.06056,-13.6548,-0.000841785,0.000102046,0.0197884,0.000415471
683,0.683,17.0649,-118.368,-121.489,-3.12166,-13.7763,-0.000849275,0.000102312,0.0198762,0.000393735
684,0.684,16.9497,-112.023,-115.202,-3.17968,-13.8915,-0.000856378,0.000102559,0.0199593,0.000373905
685,0.685,16.8409,-105.567,-108.802,-3.23456,-14.0003,-0.000863087,0.000102795,0.0200374,0.000358552
686,0.686,16.7386,-99.0071,-102.293,-3.28625,-14.1026,-0.000869395,0.000103023,0.0201106,0.000350505
687,0.687,16.6429,-92.3495,-95.6842,-3.3347,-14.1983,-0.000875297,0.000103249,0.0201788,0.000351562
688,0.688,16.5539,-85.6007,-88.9806,-3.37986,-14.2872,-0.000880785,0.000103476,0.0202418,0.000361403
689,0.689,16.4717,-78.7675,-82.1892,-3.42168,-14.3694,-0.000885855,0.000103706,0.0202998,0.000377484
690,0.69,16.3964,-71.8566,-75.3167,-3.46012,-14.4447,-0.000890502,0.000103939,0.0203526,0.00039592
691,0.691,16.328,-64.8747,-68.3699,-3.49515,-14.5131,-0.000894721,0.000104174,0.0204005,0.000412627
692,0.692,16.2667,-57.8289,-61.3556,-3.52673,-14.5744,-0.000898506,0.000104409,0.0204433,0.000424135
693,0.693,16.2124,-50.7259,-54.2807,-3.55482,-14.6287,-0.000901856,0.000104642,0.0204813,0.000428017
694,0.694,16.1652,-43.5729,-47.1523,-3.57941,-14.6759,-0.000904765,0.000104867,0.0205143,0.00042308
695,0.695,16.1253,-36.3769,-39.9774,-3.60047,-14.7158,-0.000907232,0.000105079,0.0205424,0.000409461
696,0.696,16.0925,-29.145,-32.763,-3.61798,-14.7486,-0.000909253,0.000105273,0.0205655,0.000388671
697,0.697,16.067,-21.8843,-25.5162,-3.63191,-14.7741,-0.000910827,0.000105443,0.0205837,0.000363615
698,0.698,16.0487,-14.602,-18.2443,-3.64226,-14.7924,-0.000911952,0.000105582,0.0205967,0.000338501
699,0.699,16.0378,-7.30537,-10.9544,-3.64901,-14.8033,-0.000912628,0.000105687,0.0206046,0.000318438
700,0.7,16.0341,-0.00148886,-3.65366,-3.65217,-14.807,-0.000912854,0.000105753,0.0206073,0.000308219
701,0.701,16.0378,7.3024,3.65068,-3.65172,-14.8033,-0.000912629,0.000105777,0.0206047,0.000310442
702,0.702,16.0487,14.5991,10.9514,-3.64766,-14.7924,-0.000911953,0.000105756,0.020597,0.000324164
703,0.703,16.067,21.8813,18.2413,-3.64001,-14.7741,-0.000910828,0.00010569,0.0205841,0.00034552
704,0.704,16.0925,29.142,25.5133,-3.62876,-14.7486,-0.000909254,0.00010558,0.0205661,0.000369694
705,0.705,16.1253,36.3739,32.76,-3.61394,-14.7159,-0.000907232,0.000105427,0.020543,0.000392554
706,0.706,16.1652,43.5699,39.9744,-3.59554,-14.6759,-0.000904767,0.000105233,0.020515,0.000411362
707,0.707,16.2124,50.723,47.1494,-3.5736,-14.6287,-0.000901858,0.000105003,0.020482,0.000424913
708,0.708,16.2667,57.8259,54.2778,-3.54813,-14.5745,-0.000898511,0.00010474,0.020444,0.000433434
709,0.709,16.328,64.8718,61.3526,-3.51916,-14.5131,-0.000894727,0.000104448,0.0204011,0.000438346
710,0.71,16.3964,71.8537,68.367,-3.48672,-14.4448,-0.000890511,0.000104131,0.0203532,0.000441882
711,0.711,16.4717,78.7646,75.3138,-3.45083,-14.3694,-0.000885867,0.000103795,0.0203001,0.000446516
712,0.712,16.5539,85.5978,82.1863,-3.41154,-14.2873,-0.000880798,0.000103442,0.020242,0.000454279
713,0.713,16.6428,92.3466,88.9777,-3.36889,-14.1983,-0.000875311,0.000103077,0.0201787,0.000466117
714,0.714,16.7385,99.0042,95.6813,-3.3229,-14.1026,-0.00086941,0.000102702,0.0201103,0.000481592
715,0.715,16.8408,105.564,102.29,-3.27364,-14.0003,-0.0008631,0.000102319,0.0200369,0.000499036
716,0.716,16.9496,112.02,108.799,-3.22115,-13.8915,-0.000856389,0.000101929,0.0199586,0.000516078
717,0.717,17.0648,118.365,115.2,-3.16548,-13.7763,-0.000849281,0.000101533,0.0198753,0.000530288
718,0.718,17.1863,124.593,121.487,-3.10668,-13.6549,-0.000841786,0.00010113,0.0197874,0.00053978
719,0.719,17.314,130.699,127.654,-3.04482,-13.5272,-0.000833909,0.000100719,0.0196947,0.000543683
720,0.72,17.4477,136.675,133.695,-2.97996,-13.3935,-0.000825658,0.000100295,0.0195975,0.00054249
721,0.721,17.5873,142.517,139.605,-2.91215,-13.2539,-0.000817043,9.98568e-05,0.0194956,0.000538245
722,0.722,17.7326,148.218,145.376,-2.84147,-13.1086,-0.000808072,9.93999e-05,0.019389,0.000534476
723,0.723,17.8836,153.772,151.004,-2.76799,-12.9576,-0.000798753,9.89203e-05,0.0192776,0.000535693
724,0.724,18.0401,159.175,156.483,-2.69177,-12.8011,-0.000789096,9.8414e-05,0.0191613,0.000546301
725,0.725,18.2019,164.421,161.808,-2.6129,-12.6393,-0.000779111,9.78776e-05,0.0190401,0.000569139
726,0.726,18.3689,169.504,166.973,-2.53145,-12.4723,-0.000768809,9.73081e-05,0.0189139,0.000604401
727,0.727,18.5409,174.421,171.973,-2.4475,-12.3004,-0.0007582,9.67036e-05,0.0187827,0.00064958
728,0.728,18.7177,179.165,176.803,-2.36114,-12.1236,-0.000747294,9.60629e-05,0.0186466,0.000700413
729,0.729,18.8991,183.732,181.459,-2.27244,-11.9421,-0.0007361,9.53861e-05,0.0185058,0.000752066
730,0.73,19.0851,188.118,185.936,-2.1815,-11.7562,-0.00072463,9.46742e-05,0.0183605,0.000800042
731,0.731,19.2753,192.318,190.23,-2.08841,-11.566,-0.000712895,9.39288e-05,0.0182108,0.000840733
732,0.732,19.4696,196.329,194.335,-1.99326,-11.3717,-0.000700907,9.31525e-05,0.0180569,0.000871736
733,0.733,19.6679,200.145,198.249,-1.89614,-11.1734,-0.000688677,9.2348e-05,0.0178989,0.000892024
734,0.734,19.8699,203.765,201.967,-1.79715,-10.9715,-0.000676219,9.15185e-05,0.0177369,0.000901999
735,0.735,20.0753,207.183,205.486,-1.69639,-10.766,-0.000663543,9.06669e-05,0.0175709,0.000903441
736,0.736,20.2841,210.396,208.802,-1.59395,-10.5572,-0.000650662,8.97965e-05,0.0174006,0.000899305
737,0.737,20.4961,213.402,211.912,-1.48994,-10.3453,-0.00063759,8.89099e-05,0.017226,0.000893329
738,0.738,20.7109,216.198,214.813,-1.38446,-10.1305,-0.000624338,8.80099e-05,0.0170469,0.000889421
739,0.739,20.9284,218.78,217.502,-1.27761,-9.91303,-0.000610921,8.70986e-05,0.0168632,0.000890865
740,0.74,21.1484,221.146,219.977,-1.16951,-9.69307,-0.000597351,8.61782e-05,0.0166749,0.000899545
741,0.741,21.3706,223.294,222.234,-1.06024,-9.47085,-0.000583642,8.52504e-05,0.016482,0.000915486
742,0.742,21.5949,225.222,224.272,-0.949935,-9.24659,-0.000569807,8.43162e-05,0.0162846,0.000936925
743,0.743,21.8209,226.927,226.088,-0.838689,-9.02051,-0.00055586,8.33765e-05,0.0160831,0.000960889
744,0.744,22.0486,228.408,227.681,-0.726616,-8.79285,-0.000541815,8.24312e-05,0.0158777,0.000984036
745,0.745,22.2777,229.664,229.05,-0.613825,-8.56381,-0.000527685,8.14795e-05,0.0156687,0.00100346
746,0.746,22.5079,230.693,230.193,-0.500429,-8.33363,-0.000513485,8.05198e-05,0.0154563,0.00101729
747,0.747,22.739,231.495,231.108,-0.386538,-8.10254,-0.000499229,7.95496e-05,0.0152407,0.00102506
748,0.748,22.9708,232.068,231.796,-0.272267,-7.87076,-0.00048493,7.85656e-05,0.015022,0.00102785
749,0.749,23.203,232.412,232.254,-0.157726,-7.63852,-0.000470602,7.75642e-05,0.0148001,0.00102812
750,0.75,23.4355,232.527,232.484,-0.0430301,-7.40605,-0.000456261,7.65412e-05,0.0145748,0.00102939
751,0.751,23.668,232.412,232.484,0.0717084,-7.17358,-0.00044192,7.54927e-05,0.0143458,0.00103554
752,0.752,23.9002,232.068,232.254,0.186376,-6.94134,-0.000427592,7.44153e-05,0.014113,0.00104992
753,0.753,24.132,231.495,231.796,0.30086,-6.70956,-0.000413294,7.33064e-05,0.0138761,0.00107443
754,0.754,24.3632,230.693,231.108,0.415047,-6.47846,-0.000399037,7.21646e-05,0.013635,0.00110897
755,0.755,24.5933,229.664,230.193,0.528824,-6.24828,-0.000384837,7.09898e-05,0.0133899,0.00115138
756,0.756,24.8224,228.408,229.05,0.642079,-6.01925,-0.000370708,6.97835e-05,0.0131408,0.00119798
757,0.757,25.0501,226.927,227.682,0.754701,-5.79158,-0.000356663,6.85482e-05,0.0128881,0.00124439
758,0.758,25.2762,225.222,226.088,0.866578,-5.56551,-0.000342716,6.72876e-05,0.0126322,0.0012863
759,0.759,25.5004,223.294,224.272,0.977599,-5.34125,-0.000328881,6.60061e-05,0.0123735,0.00132013
760,0.76,25.7227,221.146,222.234,1.08766,-5.11903,-0.000315172,6.47085e-05,0.0121124,0.00134342
761,0.761,25.9426,218.78,219.977,1.19664,-4.89906,-0.000301603,6.33991e-05,0.0118491,0.00135504
762,0.762,26.1602,216.198,217.502,1.30444,-4.68158,-0.000288186,6.20822e-05,0.0115838,0.00135529
763,0.763,26.375,213.403,214.814,1.41096,-4.46677,-0.000274934,6.07608e-05,0.0113164,0.00134585
764,0.764,26.5869,210.397,211.913,1.51608,-4.25488,-0.000261862,5.94374e-05,0.0110467,0.00132958
765,0.765,26.7957,207.183,208.803,1.61971,-4.04609,-0.000248982,5.81135e-05,0.0107744,0.00131022
766,0.766,27.0012,203.765,205.487,1.72173,-3.84061,-0.000236306,5.67897e-05,0.0104992,0.00129182
767,0.767,27.2031,200.146,201.968,1.82206,-3.63866,-0.000223847,5.54659e-05,0.0102207,0.00127811
768,0.768,27.4014,196.329,198.249,1.92059,-3.44042,-0.000211618,5.41418e-05,0.00993878,0.00127181
769,0.769,27.5957,192.318,194.336,2.01723,-3.2461,-0.00019963,5.28167e-05,0.00965343,0.00127405
770,0.77,27.7859,188.118,190.23,2.11187,-3.05588,-0.000187895,5.14897e-05,0.00936482,0.00128428
771,0.771,27.9719,183.732,185.937,2.20443,-2.86995,-0.000176425,5.01601e-05,0.00907333,0.00130054
772,0.772,28.1533,179.165,181.46,2.29482,-2.6885,-0.000165231,4.88269e-05,0.00877945,0.0013201
773,0.773,28.3301,174.421,176.804,2.38294,-2.51171,-0.000154324,4.74891e-05,0.00848371,0.00134018
774,0.774,28.5021,169.505,171.973,2.46871,-2.33975,-0.000143716,4.61452e-05,0.00818664,0.00135857
775,0.775,28.6691,164.421,166.973,2.55204,-2.17279,-0.000133416,4.47934e-05,0.00788861,0.00137397
776,0.776,28.8309,159.175,161.808,2.63285,-2.01099,-0.000123435,4.34315e-05,0.00758982,0.00138623
777,0.777,28.9874,153.773,156.484,2.71107,-1.85451,-0.000113782,4.20571e-05,0.00729025,0.00139617
778,0.778,29.1384,148.218,151.005,2.7866,-1.70352,-0.000104467,4.06677e-05,0.00698967,0.00140537
779,0.779,29.2838,142.517,145.377,2.85939,-1.55815,-9.54988e-05,3.92608e-05,0.00668768,0.00141567
780,0.78,29.4234,136.676,139.605,2.92936,-1.41855,-8.68871e-05,3.78349e-05,0.00638382,0.00142869
781,0.781,29.5571,130.699,133.696,2.99644,-1.28487,-7.86398e-05,3.6389e-05,0.00607765,0.00144538
782,0.782,29.6847,124.594,127.654,3.06056,-1.15722,-7.07652e-05,3.4924e-05,0.00576885,0.00146566
783,0.783,29.8062,118.366,121.487,3.12166,-1.03574,-6.3271e-05,3.34417e-05,0.00545733,0.00148842
784,0.784,29.9214,112.02,115.2,3.17967,-0.920547,-5.61646e-05,3.19459e-05,0.00514323,0.00151172
785,0.785,30.0302,105.565,108.799,3.23455,-0.811754,-4.94531e-05,3.04417e-05,0.00482696,0.00153317
786,0.786,30.1325,99.0049,102.291,3.28624,-0.709469,-4.31432e-05,2.8935e-05,0.00450913,0.00155038
787,0.787,30.2282,92.3474,95.6821,3.33469,-0.613793,-3.7241e-05,2.74329e-05,0.00419047,0.00156135
788,0.788,30.3172,85.5987,88.9785,3.37984,-0.52482,-3.17524e-05,2.59421e-05,0.00387175,0.00156481
789,0.789,30.3993,78.7655,82.1871,3.42166,-0.442638,-2.66828e-05,2.44691e-05,0.00355365,0.00156037
790,0.79,30.4747,71.8546,75.3147,3.4601,-0.367328,-2.20372e-05,2.30196e-05,0.00323668,0.00154861
791,0.791,30.543,64.8728,68.3679,3.49513,-0.298964,-1.782e-05,2.1598e-05,0.00292111,0.00153101
792,0.792,30.6044,57.8269,61.3536,3.5267,-0.237614,-1.40355e-05,2.02074e-05,0.00260697,0.00150981
793,0.793,30.6587,50.724,54.2788,3.5548,-0.183339,-1.06874e-05,1.885e-05,0.00229408,0.00148764
794,0.794,30.7058,43.5711,47.1505,3.57939,-0.136191,-7.77908e-06,1.75276e-05,0.00198217,0.00146722
795,0.795,30.7458,36.3751,39.9755,3.60044,-0.0962183,-5.31336e-06,1.62421e-05,0.00167114,0.00145091
796,0.796,30.7786,29.1432,32.7612,3.61795,-0.0634592,-3.29269e-06,1.49974e-05,0.00136138,0.00144039
797,0.797,30.8041,21.8826,25.5145,3.63188,-0.0379462,-1.71907e-06,1.37998e-05,0.00105472,0.00143641
798,0.798,30.8223,14.6004,18.2427,3.64223,-0.0197047,-5.94036e-07,1.26605e-05,0.00075696,0.00143878
799,0.799,30.8333,7.30382,10.9528,3.64898,-0.00875255,8.12907e-08,1.15972e-05,0.000489002,0.00144656
800,0.8,30.8369,-3.90268e-12,3.65213,3.65213,-0.00510064,3.06261e-07,1.06361e-05,0.000339369,0.00145834
801,0.801,30.8333,-7.30382,-3.65213,3.65168,-0.00875255,8.06428e-08,9.81305e-06,0.000452556,0.0014726
802,0.802,30.8223,-14.6004,-10.9528,3.64763,-0.0197047,-5.9535e-07,9.17347e-06,0.000714367,0.00148798
803,0.803,30.8041,-21.8826,-18.2426,3.63997,-0.0379462,-1.72104e-06,8.76669e-06,0.00101596,0.00150349
804,0.804,30.7786,-29.1432,-25.5145,3.62872,-0.0634591,-3.29532e-06,8.63485e-06,0.00133001,0.00151853
805,0.805,30.7458,-36.375,-32.7611,3.61389,-0.0962182,-5.31664e-06,8.79858e-06,0.00164849,0.00153286
806,0.806,30.7058,-43.571,-39.9755,3.5955,-0.136191,-7.78299e-06,9.24894e-06,0.00196824,0.00154638
807,0.807,30.6587,-50.7239,-47.1503,3.57356,-0.183339,-1.0692e-05,9.95206e-06,0.00228782,0.001559
808,0.808,30.6044,-57.8268,-54.2787,3.54808,-0.237614,-1.40407e-05,1.08621e-05,0.00260659,0.00157043
809,0.809,30.543,-64.8726,-61.3534,3.51911,-0.298964,-1.78258e-05,1.19331e-05,0.00292436,0.0015801
810,0.81,30.4747,-71.8543,-68.3677,3.48667,-0.367327,-2.20435e-05,1.31254e-05,0.00324121,0.00158717
811,0.811,30.3994,-78.7652,-75.3144,3.45078,-0.442637,-2.66898e-05,1.44066e-05,0.00355735,0.00159061
812,0.812,30.3172,-85.5983,-82.1868,3.41149,-0.524819,-3.176e-05,1.57511e-05,0.00387298,0.00158938
813,0.813,30.2282,-92.3469,-88.9781,3.36883,-0.613791,-3.72492e-05,1.71384e-05,0.00418826,0.00158258
814,0.814,30.1325,-99.0044,-95.6816,3.32285,-0.709467,-4.31521e-05,1.8552e-05,0.00450322,0.00156969
815,0.815,30.0302,-105.564,-102.291,3.27359,-0.811751,-4.94627e-05,1.99782e-05,0.00481776,0.00155069
816,0.816,29.9214,-112.02,-108.799,3.22109,-0.920543,-5.61748e-05,2.1406e-05,0.00513164,0.00152616
817,0.817,29.8062,-118.365,-115.199,3.16542,-1.03574,-6.32817e-05,2.28264e-05,0.00544458,0.00149731
818,0.818,29.6847,-124.593,-121.487,3.10662,-1.15721,-7.07766e-05,2.42326e-05,0.00575623,0.00146585
819,0.819,29.5571,-130.698,-127.654,3.04476,-1.28486,-7.86518e-05,2.562e-05,0.00606629,0.00143384
820,0.82,29.4234,-136.675,-133.695,2.9799,-1.41855,-8.68997e-05,2.69863e-05,0.00637453,0.00140341
821,0.821,29.2838,-142.516,-139.604,2.91209,-1.55814,-9.55121e-05,2.83312e-05,0.00668082,0.00137645
822,0.822,29.1384,-148.217,-145.375,2.84141,-1.70351,-0.00010448,2.96564e-05,0.00698515,0.0013544
823,0.823,28.9874,-153.771,-151.003,2.76792,-1.8545,-0.000113796,3.09654e-05,0.00728757,0.00133804
824,0.824,28.8309,-159.174,-156.482,2.6917,-2.01098,-0.00012345,3.2263e-05,0.00758819,0.00132754
825,0.825,28.6691,-164.42,-161.807,2.61283,-2.17277,-0.000133432,3.35549e-05,0.0078871,0.00132251
826,0.826,28.5021,-169.503,-166.972,2.53138,-2.33973,-0.000143732,3.4847e-05,0.00818437,0.00132227
827,0.827,28.3302,-174.419,-171.972,2.44743,-2.5117,-0.000154341,3.61454e-05,0.00847999,0.00132602
828,0.828,28.1534,-179.163,-176.802,2.36106,-2.68849,-0.000165248,3.74555e-05,0.00877388,0.00133309
829,0.829,27.9719,-183.73,-181.458,2.27236,-2.86993,-0.000176443,3.87819e-05,0.00906587,0.00134301
830,0.83,27.786,-188.116,-185.935,2.18143,-3.05586,-0.000187913,4.01282e-05,0.00935575,0.00135544
831,0.831,27.5957,-192.316,-190.228,2.08833,-3.24607,-0.000199648,4.14964e-05,0.00964329,0.00137007
832,0.832,27.4014,-196.326,-194.333,1.99318,-3.44039,-0.000211637,4.28875e-05,0.00992828,0.00138641
833,0.833,27.2032,-200.143,-198.247,1.89606,-3.63863,-0.000223867,4.43009e-05,0.0102106,0.00140365
834,0.834,27.0012,-203.762,-201.965,1.79707,-3.84058,-0.000236326,4.57345e-05,0.0104901,0.00142059
835,0.835,26.7957,-207.18,-205.484,1.69631,-4.04605,-0.000249003,4.71851e-05,0.0107668,0.00143565
836,0.836,26.5869,-210.394,-208.8,1.59387,-4.25484,-0.000261884,4.8648e-05,0.0110407,0.00144702
837,0.837,26.375,-213.399,-211.91,1.48986,-4.46673,-0.000274956,5.01175e-05,0.011312,0.00145286
838,0.838,26.1602,-216.195,-214.81,1.38438,-4.68153,-0.000288208,5.15867e-05,0.0115806,0.0014515
839,0.839,25.9427,-218.777,-217.499,1.27753,-4.89902,-0.000301626,5.30482e-05,0.0118467,0.00144169
840,0.84,25.7227,-221.143,-219.973,1.16942,-5.11898,-0.000315196,5.44939e-05,0.0121101,0.00142272
841,0.841,25.5005,-223.29,-222.23,1.06016,-5.34119,-0.000328905,5.59159e-05,0.0123708,0.00139457
842,0.842,25.2762,-225.218,-224.268,0.949846,-5.56545,-0.000342741,5.73061e-05,0.0126286,0.00135799
843,0.843,25.0501,-226.923,-226.084,0.8386,-5.79152,-0.000356688,5.86577e-05,0.0128834,0.00131446
844,0.844,24.8225,-228.404,-227.677,0.726525,-6.01918,-0.000370733,5.99646e-05,0.0131349,0.00126609
845,0.845,24.5934,-229.66,-229.046,0.613734,-6.24821,-0.000384863,6.12224e-05,0.013383,0.00121542
846,0.846,24.3632,-230.689,-230.188,0.500337,-6.47839,-0.000399064,6.24284e-05,0.0136274,0.00116518
847,0.847,24.1321,-231.49,-231.104,0.386446,-6.70948,-0.000413321,6.35822e-05,0.0138682,0.00111792
848,0.848,23.9003,-232.063,-231.791,0.272174,-6.94125,-0.00042762,6.46852e-05,0.0141052,0.00107571
849,0.849,23.6681,-232.407,-232.249,0.157633,-7.17349,-0.000441947,6.57408e-05,0.0143385,0.00103984
850,0.85,23.4356,-232.521,-232.479,0.0429359,-7.40595,-0.000456289,6.67544e-05,0.0145683,0.00101074
851,0.851,23.2031,-232.407,-232.478,-0.0718032,-7.63842,-0.000470631,6.77327e-05,0.0147945,0.000988057
852,0.852,22.9709,-232.062,-232.249,-0.186471,-7.87065,-0.000484958,6.86838e-05,0.0150172,0.000970923
853,0.853,22.7391,-231.489,-231.79,-0.300956,-8.10243,-0.000499258,6.9616e-05,0.0152366,0.000958398
854,0.854,22.508,-230.687,-231.102,-0.415143,-8.33351,-0.000513515,7.05383e-05,0.0154525,0.000949848
855,0.855,22.2778,-229.658,-230.187,-0.528921,-8.56369,-0.000527715,7.1459e-05,0.015665,0.00094519
856,0.856,22.0488,-228.402,-229.044,-0.642176,-8.79272,-0.000541845,7.23857e-05,0.0158737,0.0009449
857,0.857,21.8211,-226.92,-227.675,-0.754798,-9.02038,-0.000555891,7.33251e-05,0.0160786,0.000949769
858,0.858,21.595,-225.215,-226.081,-0.866675,-9.24644,-0.000569838,7.42824e-05,0.0162794,0.00096047
859,0.859,21.3707,-223.287,-224.265,-0.977697,-9.4707,-0.000583673,7.5261e-05,0.016476,0.000977078
860,0.86,21.1485,-221.139,-222.227,-1.08775,-9.69291,-0.000597383,7.62629e-05,0.0166683,0.000998725
861,0.861,20.9285,-218.773,-219.969,-1.19674,-9.91286,-0.000610953,7.72878e-05,0.0168561,0.00102351
862,0.862,20.711,-216.19,-217.495,-1.30454,-10.1303,-0.000624371,7.83338e-05,0.0170396,0.00104865
863,0.863,20.4962,-213.395,-214.806,-1.41105,-10.3451,-0.000637622,7.93972e-05,0.0172187,0.00107089
864,0.864,20.2843,-210.388,-211.905,-1.51618,-10.557,-0.000650695,8.04723e-05,0.0173936,0.00108689
865,0.865,20.0755,-207.175,-208.794,-1.6198,-10.7658,-0.000663576,8.15519e-05,0.0175644,0.00109365
866,0.866,19.8701,-203.756,-205.478,-1.72183,-10.9713,-0.000676252,8.26277e-05,0.0177313,0.00108889
867,0.867,19.6681,-200.137,-201.959,-1.82216,-11.1732,-0.000688711,8.36903e-05,0.0178941,0.00107124
868,0.868,19.4699,-196.32,-198.241,-1.92069,-11.3715,-0.000700941,8.47297e-05,0.0180528,0.00104047
869,0.869,19.2755,-192.309,-194.327,-2.01732,-11.5658,-0.000712929,8.5736e-05,0.0182074,0.000997538
870,0.87,19.0853,-188.109,-190.221,-2.11197,-11.756,-0.000724664,8.66999e-05,0.0183576,0.000944566
871,0.871,18.8994,-183.723,-185.927,-2.20453,-11.9419,-0.000736134,8.7613e-05,0.0185032,0.00088476
872,0.872,18.7179,-179.155,-181.45,-2.29491,-12.1233,-0.000747328,8.84683e-05,0.018644,0.000822186
873,0.873,18.5411,-174.411,-176.794,-2.38303,-12.3001,-0.000758235,8.9261e-05,0.0187799,0.000761404
874,0.874,18.3692,-169.495,-171.963,-2.4688,-12.4721,-0.000768845,8.99884e-05,0.0189107,0.000706896
875,0.875,18.2022,-164.411,-166.963,-2.55213,-12.639,-0.000779147,9.06501e-05,0.0190365,0.000662199
876,0.876,18.0404,-159.165,-161.798,-2.63294,-12.8008,-0.00078913,9.12481e-05,0.0191572,0.000628988
877,0.877,17.8839,-153.762,-156.473,-2.71116,-12.9573,-0.000798782,9.17865e-05,0.0192731,0.000606532
878,0.878,17.733,-148.207,-150.994,-2.7867,-13.1083,-0.000808096,9.22715e-05,0.0193841,0.000591912
879,0.879,17.5876,-142.506,-145.366,-2.85948,-13.2536,-0.000817062,9.27108e-05,0.0194905,0.000581038
880,0.88,17.448,-136.665,-139.594,-2.92945,-13.3932,-0.000825672,9.31129e-05,0.0195924,0.00056995
881,0.881,17.3143,-130.688,-133.685,-2.99652,-13.5269,-0.000833916,9.34872e-05,0.0196898,0.000555842
882,0.882,17.1867,-124.583,-127.643,-3.06064,-13.6545,-0.000841788,9.38432e-05,0.0197827,0.000537622
883,0.883,17.0652,-118.354,-121.476,-3.12174,-13.776,-0.000849279,9.41897e-05,0.019871,0.000516085
884,0.884,16.95,-112.009,-115.188,-3.17976,-13.8912,-0.000856383,9.45351e-05,0.0199545,0.000493796
885,0.885,16.8412,-105.553,-108.787,-3.23464,-13.9999,-0.000863092,9.48866e-05,0.0200332,0.000474654
886,0.886,16.7389,-98.9928,-102.279,-3.28633,-14.1022,-0.000869401,9.52498e-05,0.0201068,0.000462961
887,0.887,16.6433,-92.3351,-95.6698,-3.33477,-14.1979,-0.000875302,9.56289e-05,0.0201752,0.00046197
888,0.888,16.5543,-85.5862,-88.9661,-3.37992,-14.2868,-0.00088079,9.60263e-05,0.0202383,0.000472426
889,0.889,16.4721,-78.7529,-82.1746,-3.42174,-14.369,-0.000885859,9.64427e-05,0.0202963,0.000492075
890,0.89,16.3968,-71.8418,-75.302,-3.46018,-14.4443,-0.000890505,9.68767e-05,0.020349,0.000516494
891,0.891,16.3285,-64.8598,-68.355,-3.49521,-14.5127,-0.000894722,9.73254e-05,0.0203966,0.000540508
892,0.892,16.2671,-57.8138,-61.3406,-3.52678,-14.574,-0.000898507,9.7784e-05,0.0204393,0.000559357
893,0.893,16.2129,-50.7108,-54.2656,-3.55488,-14.6283,-0.000901854,9.82462e-05,0.020477,0.000569327
894,0.894,16.1657,-43.5576,-47.1371,-3.57946,-14.6754,-0.000904762,9.87048e-05,0.0205099,0.000568019
895,0.895,16.1258,-36.3615,-39.9621,-3.60052,-14.7153,-0.000907228,9.91512e-05,0.0205381,0.000554436
896,0.896,16.093,-29.1295,-32.7476,-3.61802,-14.7481,-0.000909248,9.95767e-05,0.0205615,0.000529019
897,0.897,16.0675,-21.8688,-25.5007,-3.63195,-14.7736,-0.000910821,9.99723e-05,0.02058,0.000493691
898,0.898,16.0493,-14.5864,-18.2287,-3.6423,-14.7918,-0.000911946,0.00010033,0.0205935,0.000451967
899,0.899,16.0383,-7.28968,-10.9387,-3.64905,-14.8028,-0.000912621,0.000100641,0.0206019,0.0004091
900,0.9,16.0347,0.0142736,-3.63793,-3.6522,-14.8064,-0.000912847,0.0001009,0.0206051,0.000372044
901,0.901,16.0384,7.31822,3.66647,-3.65175,-14.8027,-0.000912621,0.000101101,0.0206029,0.000348459
902,0.902,16.0493,14.615,10.9673,-3.64769,-14.7918,-0.000911946,0.000101243,0.0205955,0.0003439
903,0.903,16.0676,21.8973,18.2572,-3.64003,-14.7735,-0.00091082,0.000101323,0.0205827,0.000358431
904,0.904,16.0931,29.158,25.5292,-3.62879,-14.748,-0.000909245,0.000101342,0.0205646,0.000386519
905,0.905,16.1259,36.39,32.776,-3.61395,-14.7152,-0.000907224,0.000101304,0.0205413,0.000420585
906,0.906,16.1659,43.586,39.9904,-3.59556,-14.6752,-0.000904757,0.000101211,0.020513,0.000454109
907,0.907,16.2131,50.739,47.1654,-3.57361,-14.6281,-0.000901848,0.000101071,0.0204797,0.000482698
908,0.908,16.2674,57.842,54.2939,-3.54814,-14.5738,-0.000898499,0.000100889,0.0204415,0.000504016
909,0.909,16.3287,64.8879,61.3688,-3.51917,-14.5124,-0.000894714,0.000100673,0.0203983,0.000517419
910,0.91,16.3971,71.8698,68.3831,-3.48672,-14.444,-0.000890496,0.000100429,0.0203503,0.000523572
911,0.911,16.4724,78.7808,75.3299,-3.45083,-14.3687,-0.000885849,0.000100167,0.0202973,0.000524047
912,0.912,16.5546,85.614,82.2024,-3.41154,-14.2865,-0.000880779,9.98921e-05,0.0202393,0.000520891
913,0.913,16.6436,92.3627,88.9938,-3.36888,-14.1975,-0.000875291,9.96118e-05,0.0201763,0.000516116
914,0.914,16.7393,99.0203,95.6974,-3.3229,-14.1018,-0.000869389,9.93314e-05,0.0201082,0.000511194
915,0.915,16.8416,105.58,102.307,-3.27363,-13.9995,-0.000863079,9.90554e-05,0.0200351,0.000506671
916,0.916,16.9504,112.036,108.815,-3.22114,-13.8907,-0.000856367,9.8787e-05,0.019957,0.000502064
917,0.917,17.0657,118.381,115.216,-3.16546,-13.7755,-0.00084926,9.85279e-05,0.0198739,0.000496114
918,0.918,17.1872,124.609,121.503,-3.10666,-13.654,-0.000841766,9.82782e-05,0.019786,0.000487314
919,0.919,17.3148,130.715,127.67,-3.0448,-13.5263,-0.00083389,9.80365e-05,0.0196934,0.000474551
920,0.92,17.4485,136.691,133.711,-2.97993,-13.3926,-0.000825641,9.77999e-05,0.0195961,0.000457718
921,0.921,17.5882,142.533,139.62,-2.91212,-13.253,-0.000817027,9.75643e-05,0.0194941,0.000438217
922,0.922,17.7336,148.233,145.392,-2.84144,-13.1076,-0.000808057,9.73245e-05,0.0193874,0.000419288
923,0.923,17.8846,153.788,151.02,-2.76795,-12.9566,-0.00079874,9.70745e-05,0.0192759,0.000405938
924,0.924,18.0411,159.191,156.499,-2.69173,-12.8001,-0.000789084,9.68081e-05,0.0191597,0.000403993
925,0.925,18.2029,164.436,161.823,-2.61286,-12.6383,-0.0007791,9.6519e-05,0.0190386,0.000417996
926,0.926,18.3699,169.52,166.988,-2.5314,-12.4714,-0.000768798,9.62015e-05,0.0189127,0.000448984
927,0.927,18.5419,174.436,171.988,-2.44745,-12.2994,-0.00075819,9.58504e-05,0.0187818,0.000494085
928,0.928,18.7187,179.18,176.819,-2.36108,-12.1226,-0.000747283,9.54616e-05,0.0186462,0.000548132
929,0.929,18.9002,183.747,181.475,-2.27239,-11.9411,-0.000736089,9.50321e-05,0.0185058,0.000605568
930,0.93,19.0861,188.133,185.951,-2.18145,-11.7552,-0.00072462,9.45602e-05,0.0183609,0.000661559
931,0.931,19.2764,192.333,190.245,-2.08835,-11.5649,-0.000712885,9.40453e-05,0.0182116,0.000712438
932,0.932,19.4707,196.343,194.35,-1.9932,-11.3706,-0.000700897,9.34878e-05,0.0180579,0.000755809
933,0.933,19.669,200.16,198.264,-1.89608,-11.1723,-0.000688667,9.28895e-05,0.0179001,0.000790548
934,0.934,19.871,203.779,201.982,-1.79709,-10.9704,-0.000676208,9.22525e-05,0.017738,0.000816732
935,0.935,20.0765,207.197,205.501,-1.69632,-10.7649,-0.000663532,9.15799e-05,0.0175718,0.000835506
936,0.936,20.2853,210.411,208.817,-1.59388,-10.5561,-0.000650652,9.08752e-05,0.0174014,0.000848856
937,0.937,20.4972,213.416,211.927,-1.48987,-10.3442,-0.000637579,9.01424e-05,0.0172266,0.000859279
938,0.938,20.712,216.212,214.827,-1.38438,-10.1294,-0.000624328,8.93853e-05,0.0170474,0.000869323
939,0.939,20.9296,218.794,217.516,-1.27753,-9.91185,-0.000610911,8.86084e-05,0.0168637,0.00088107
940,0.94,21.1495,221.16,219.99,-1.16942,-9.69187,-0.000597341,8.78155e-05,0.0166754,0.00089566
941,0.941,21.3718,223.307,222.247,-1.06016,-9.46964,-0.000583632,8.70107e-05,0.0164827,0.000913017
942,0.942,21.5961,225.235,224.285,-0.949847,-9.24537,-0.000569797,8.61975e-05,0.0162856,0.000931893
943,0.943,21.8222,226.94,226.101,-0.838599,-9.01928,-0.00055585,8.53789e-05,0.0160844,0.000950211
944,0.944,22.0499,228.421,227.694,-0.726523,-8.7916,-0.000541805,8.4557e-05,0.0158793,0.0009656
945,0.945,22.2789,229.677,229.063,-0.613731,-8.56255,-0.000527675,8.37333e-05,0.0156705,0.000975963
946,0.946,22.5091,230.706,230.205,-0.500332,-8.33236,-0.000513475,8.2908e-05,0.0154583,0.000979961
947,0.947,22.7403,231.507,231.121,-0.38644,-8.10126,-0.000499219,8.20806e-05,0.0152428,0.000977371
948,0.948,22.9721,232.08,231.808,-0.272166,-7.86946,-0.00048492,8.12494e-05,0.015024,0.000969278
949,0.949,23.2043,232.424,232.266,-0.157624,-7.63721,-0.000470593,8.04119e-05,0.014802,0.000958089
950,0.95,23.4368,232.539,232.496,-0.0429258,-7.40473,-0.000456251,7.95652e-05,0.0145765,0.000947311
951,0.951,23.6693,232.424,232.495,0.0718144,-7.17225,-0.00044191,7.8706e-05,0.0143473,0.000941012
952,0.952,23.9016,232.079,232.266,0.186484,-6.94,-0.000427583,7.78312e-05,0.0141144,0.000942968
953,0.953,24.1334,231.506,231.807,0.300969,-6.7082,-0.000413284,7.69382e-05,0.0138775,0.000955656
954,0.954,24.3645,230.704,231.119,0.415158,-6.4771,-0.000399028,7.6025e-05,0.0136365,0.000979476
955,0.955,24.5947,229.675,230.204,0.528936,-6.24691,-0.000384828,7.50908e-05,0.0133916,0.00101258
956,0.956,24.8238,228.419,229.061,0.642193,-6.01786,-0.000370699,7.41355e-05,0.0131429,0.00105141
957,0.957,25.0515,226.937,227.692,0.754816,-5.79018,-0.000356654,7.316e-05,0.0128907,0.00109156
958,0.958,25.2776,225.231,226.098,0.866694,-5.5641,-0.000342707,7.2166e-05,0.0126354,0.00112876
959,0.959,25.5019,223.304,224.281,0.977717,-5.33983,-0.000328873,7.11555e-05,0.0123773,0.00115952
960,0.96,25.7241,221.156,222.243,1.08777,-5.1176,-0.000315164,7.0131e-05,0.0121168,0.00118158
961,0.961,25.9441,218.789,219.986,1.19676,-4.89763,-0.000301595,6.90945e-05,0.0118539,0.00119409
962,0.962,26.1616,216.207,217.511,1.30456,-4.68013,-0.000288178,6.80478e-05,0.011589,0.00119769
963,0.963,26.3764,213.411,214.822,1.41108,-4.46532,-0.000274927,6.69924e-05,0.0113217,0.00119435
964,0.964,26.5883,210.405,211.921,1.5162,-4.25342,-0.000261855,6.5929e-05,0.0110519,0.00118709
965,0.965,26.7971,207.191,208.811,1.61983,-4.04462,-0.000248975,6.48581e-05,0.0107794,0.00117953
966,0.966,27.0026,203.773,205.495,1.72186,-3.83914,-0.000236299,6.37797e-05,0.0105039,0.00117524
967,0.967,27.2046,200.153,201.975,1.82219,-3.63717,-0.000223841,6.26938e-05,0.0102251,0.00117701
968,0.968,27.4029,196.336,198.257,1.92072,-3.43893,-0.000211611,6.16004e-05,0.00994299,0.00118629
969,0.969,27.5972,192.326,194.343,2.01735,-3.2446,-0.000199624,6.04995e-05,0.00965759,0.00120289
970,0.97,27.7875,188.125,190.237,2.112,-3.05437,-0.000187889,5.93915e-05,0.00936917,0.00122513
971,0.971,27.9734,183.739,185.943,2.20456,-2.86844,-0.000176419,5.82768e-05,0.0090781,0.00125044
972,0.972,28.1549,179.171,181.466,2.29494,-2.68698,-0.000165226,5.7156e-05,0.00878487,0.00127594
973,0.973,28.3317,174.427,176.81,2.38306,-2.51019,-0.00015432,5.60297e-05,0.00848995,0.00129911
974,0.974,28.5037,169.511,171.979,2.46883,-2.33822,-0.000143711,5.48981e-05,0.00819375,0.00131822
975,0.975,28.6706,164.427,166.979,2.55216,-2.17125,-0.000133411,5.37613e-05,0.00789658,0.00133256
976,0.976,28.8324,159.181,161.814,2.63298,-2.00944,-0.00012343,5.26193e-05,0.00759851,0.00134249
977,0.977,28.9889,153.778,156.489,2.71119,-1.85296,-0.000113778,5.14718e-05,0.00729945,0.00134927
978,0.978,29.1399,148.223,151.01,2.78673,-1.70196,-0.000104463,5.03184e-05,0.00699911,0.00135478
979,0.979,29.2853,142.522,145.381,2.85952,-1.55659,-9.54953e-05,4.91594e-05,0.00669709,0.00136104
980,0.98,29.4249,136.68,139.61,2.92948,-1.41699,-8.68838e-05,4.79952e-05,0.00639296,0.00136973
981,0.981,29.5586,130.704,133.7,2.99656,-1.2833,-7.86368e-05,4.68271e-05,0.00608634,0.00138172
982,0.982,29.6863,124.598,127.659,3.06068,-1.15565,-7.07626e-05,4.56575e-05,0.00577703,0.00139685
983,0.983,29.8078,118.369,121.491,3.12178,-1.03416,-6.32688e-05,4.44896e-05,0.00546507,0.00141389
984,0.984,29.923,112.024,115.204,3.17979,-0.918968,-5.6163e-05,4.33277e-05,0.00515072,0.00143078
985,0.985,30.0318,105.568,108.803,3.23467,-0.810172,-4.94521e-05,4.21763e-05,0.00483455,0.00144505
986,0.986,30.1341,99.0079,102.294,3.28636,-0.707884,-4.31427e-05,4.10407e-05,0.0045173,0.00145431
987,0.987,30.2298,92.3501,95.6849,3.3348,-0.612204,-3.72412e-05,3.99255e-05,0.00419981,0.00145664
988,0.988,30.3188,85.6012,88.9812,3.37996,-0.523229,-3.17532e-05,3.8835e-05,0.00388295,0.00145096
989,0.989,30.4009,78.7678,82.1896,3.42177,-0.441044,-2.66843e-05,3.77723e-05,0.0035674,0.00143725
990,0.99,30.4763,71.8567,75.3169,3.46021,-0.365732,-2.20393e-05,3.67394e-05,0.00325364,0.00141668
991,0.991,30.5446,64.8746,68.3699,3.49524,-0.297366,-1.78227e-05,3.57369e-05,0.0029418,0.0013915
992,0.992,30.606,57.8286,61.3554,3.52681,-0.236015,-1.40386e-05,3.47645e-05,0.00263171,0.00136479
993,0.993,30.6603,50.7254,54.2804,3.55491,-0.181738,-1.0691e-05,3.3821e-05,0.00232296,0.00134009
994,0.994,30.7074,43.5723,47.1518,3.5795,-0.134589,-7.78313e-06,3.29054e-05,0.00201507,0.00132079
995,0.995,30.7474,36.3761,39.9767,3.60055,-0.0946147,-5.31789e-06,3.20169e-05,0.0017078,0.00130952
996,0.996,30.7802,29.144,32.7621,3.61805,-0.0618547,-3.2977e-06,3.11559e-05,0.00140169,0.00130761
997,0.997,30.8057,21.8832,25.5152,3.63198,-0.036341,-1.72456e-06,3.03238e-05,0.00109907,0.00131491
998,0.998,30.8239,14.6008,18.2431,3.64233,-0.018099,-6.0002e-07,2.95241e-05,0.000807273,0.00132992
999,0.999,30.8349,7.30401,10.9531,3.64908,-0.00714659,7.48132e-08,2.87617e-05,0.000550044,0.00135022
1000,1,30.8385,-4.67195e-12,3.65223,3.65223,-0.00349458,2.99274e-07,2.80427e-05,0.000408884,0.00137314
